"Title","Location","Category","Price","Revenue","NetProfit","Rental","DatePosted","Link","Image"
"?????(???)?????????! ??999 Years! ? MRT! ????! ????????? Violet ??!","","","S$18,000,000(Neg.)","N/A","N/A","N/A","2026-02-04","https://www.businessforsale.sg/businesses-for-sale/999-years-mrt-violet-40036","https://image.businessforsale.sg/upload/thumbnail/202511130955175891.jpg"
"High-Tech AI Co. Seeking S$2M-5M Investment To Expand Our Proven Track Record. ????????????????????","","","Price On Request","N/A","N/A","S$5,550","2026-02-04","https://www.businessforsale.sg/businesses-for-sale/hightech-ai-co-seeking-s2m5m-investment-to-expand-our-proven-track-record-40037","https://image.businessforsale.sg/upload/thumbnail/202511131006375684.jpg"
"Cafe For Immediate Takeover In Changi Village. No Takeover Fee! ???????, ????, ????, ?????????","","","No Takeover Fee","N/A","N/A","N/A","2026-04-04","https://www.businessforsale.sg/businesses-for-sale/cafe-for-immediate-takeover-in-changi-village-no-takeover-fee-40912","https://image.businessforsale.sg/upload/thumbnail/202603050950412915.jpg"
"$ Min.8%-12% Return Guaranteed $ 20 Years History $ Best & Rarest Opportunity You Should Not Missed","","","S$40,000","N/A","N/A","N/A","2026-05-03","https://www.businessforsale.sg/businesses-for-sale/min812-return-guaranteed-20-years-history-best-rarest-opportunity-you-should-not-missed-34792","https://image.businessforsale.sg/upload/thumbnail/202412282256403197.png"
"Indoor RAS Fish Farm in Singapore ? Stocked, Ready to Grow","","","S$100,000(Neg.)","N/A","N/A","N/A","2026-05-03","https://www.businessforsale.sg/businesses-for-sale/indoor-ras-fish-farm-in-singapore-stocked-ready-to-grow-37214","https://image.businessforsale.sg/upload/thumbnail/202512081713164491.jpg"
"Offering 3 Months Trial On 20 Years History High Profit Biz! No Other Business Will Offer You Such!","","","S$40,000","N/A","N/A","N/A","2026-05-03","https://www.businessforsale.sg/businesses-for-sale/offering-3-months-trial-on-20-years-history-high-profit-biz-no-other-business-will-offer-you-such-40429","https://image.businessforsale.sg/upload/thumbnail/202512262037172698.jpg"
"??3 Months Trail ? Business Featured On Tv, Radio And Major Influencers!!!??","","","S$40,000","N/A","N/A","N/A","2026-05-03","https://www.businessforsale.sg/businesses-for-sale/3-months-trail-business-featured-on-tv-radio-and-major-influencers-40463","https://image.businessforsale.sg/upload/thumbnail/202512301805423073.jpg"
"??3 Months Trail For Stable Passive Income!!! ?? Rarest Opportunity!!! ??","","","S$40,000","N/A","N/A","N/A","2026-05-03","https://www.businessforsale.sg/businesses-for-sale/3-months-trail-for-stable-passive-income-rarest-opportunity-40586","https://image.businessforsale.sg/upload/thumbnail/202601171355531155.jpeg"
"?? Seeking Strategic Partners ? AI Trading Platform Scaling Globally","","","Price On Request","N/A","N/A","N/A","2026-05-03","https://www.businessforsale.sg/businesses-for-sale/seeking-strategic-partners-ai-trading-platform-scaling-globally-41093","https://image.businessforsale.sg/upload/thumbnail/202603201110015145.jpeg"
"Rental Of Vending Machine","","","S$3,000","N/A","N/A","N/A","2026-05-03","https://www.businessforsale.sg/businesses-for-sale/rental-of-vending-machine-41403","https://image.businessforsale.sg/upload/thumbnail/202604202349227128.jpeg"
"For Singaporeans To Co-Own A Good Profitable Biz And Enjoy Good Passive Income","","","S$8,000","N/A","N/A","N/A","2026-05-03","https://www.businessforsale.sg/businesses-for-sale/for-singaporeans-to-coown-a-good-profitable-biz-and-enjoy-good-passive-income-41429","https://image.businessforsale.sg/upload/thumbnail/202604221851127840.jpg"
"Please Learn From The Rich! Have Their Mindset!","","","S$40,000","N/A","N/A","N/A","2026-05-03","https://www.businessforsale.sg/businesses-for-sale/please-learn-from-the-rich-have-their-mindset-41430","https://image.businessforsale.sg/upload/thumbnail/202604221856594850.jpg"
"Established Meat Distribution Biz in Little India ! High Margin %","","","S$1,000,000(Neg.)","N/A","N/A","N/A","2026-05-03","https://www.businessforsale.sg/businesses-for-sale/established-meat-distribution-biz-in-little-india-high-margin-41512","https://image.businessforsale.sg/upload/thumbnail/202605032101170016.png"
"Rental Of Vending MachineJurong West S$3,000","","","Price On Request","N/A","","N/A","2026-05-04","https://www.businessforsale.sg/login","/images/flag/sg.jpg"
"Profitable Premium Skincare E-Commerce Brand For SaleAng Mo Kio $55,000","","","S$200K - 500K","N/A","","N/A","2026-05-04","https://www.businessforsale.sg/login","/images/flag/sg.jpg"
"High-Tech AI Co. Seeking S$2M-5M Investment To Expand Our Proven Track Record. ????????????????????","","","Price On Request","N/A","N/A","S$5,550","2026-05-04","https://www.businessforsale.sg/businesses-for-sale/hightech-ai-co-seeking-s2m5m-investment-to-expand-our-proven-track-record-40037","https://image.businessforsale.sg/upload/thumbnail/202511131006375684.jpg"
"Established One-Stop Automotive Servicing Business - Strong Repeat Customers & Ev Growth Potential","","","S$4,000,000(Neg.)","N/A","N/A","S$76,000","2026-05-04","https://www.businessforsale.sg/businesses-for-sale/established-onestop-automotive-servicing-business-strong-repeat-customers-ev-growth-potential-40511","https://image.businessforsale.sg/upload/thumbnail/202601071256149487.png"
"Premium Serviced Office & Co-Working Business | Strong Recurring Revenue | Immediate Cash Flow","","","S$2,000,000(Neg.)","S$80,587","N/A","S$16,000","2026-05-04","https://www.businessforsale.sg/businesses-for-sale/premium-serviced-office-coworking-business-strong-recurring-revenue-immediate-cash-flow-40519","https://image.businessforsale.sg/upload/thumbnail/202601081302231040.jpg"
"High-Traffic MRT Caf? Franchise With Corporate Bulk Orders ? Turnkey Setup","","","S$320,000(Neg.)","N/A","N/A","S$5,789","2026-05-04","https://www.businessforsale.sg/businesses-for-sale/hightraffic-mrt-caf-franchise-with-corporate-bulk-orders-turnkey-setup-40833","https://image.businessforsale.sg/upload/thumbnail/202602191720242290.jpg"
"Highly Profitable Sleep Retail Brand | 30K Customers | Exclusive Product Lines | Property Available","","","S$5,000,000(Neg.)","N/A","N/A","S$6,337","2026-05-04","https://www.businessforsale.sg/businesses-for-sale/highly-profitable-sleep-retail-brand-30k-customers-exclusive-product-lines-property-available-40901","https://image.businessforsale.sg/upload/thumbnail/202602251833102512.jpg"
"Cafe For Immediate Takeover In Changi Village. No Takeover Fee! ???????, ????, ????, ?????????","","","No Takeover Fee","N/A","N/A","N/A","2026-05-04","https://www.businessforsale.sg/businesses-for-sale/cafe-for-immediate-takeover-in-changi-village-no-takeover-fee-40912","https://image.businessforsale.sg/upload/thumbnail/202603050950412915.jpg"
"Established Automotive Workshop With Recurring Fleet Servicing & Government Contracts","","","S$550,000(Neg.)","N/A","N/A","S$13,000","2026-05-04","https://www.businessforsale.sg/businesses-for-sale/established-automotive-workshop-with-recurring-fleet-servicing-government-contracts-40986","https://image.businessforsale.sg/upload/thumbnail/202603091640093410.jpg"
"Profitable Premium Skincare E-Commerce Brand For Sale","","","$55,000","$20,200","N/A","N/A","2026-05-04","https://www.businessforsale.sg/businesses-for-sale/profitable-premium-skincare-ecommerce-brand-for-sale-41496","https://image.businessforsale.sg/upload/thumbnail/202604291938249105.png"
"Laundry Franchise Available","","","S$120,000(Neg.)","S$5,000","N/A","S$11,000","2026-05-04","https://www.businessforsale.sg/businesses-for-sale/laundry-franchise-available-41510","https://image.businessforsale.sg/upload/thumbnail/202605021443175663.jpeg"
"Profitable Interior Design & Renovation Firm For Sale","","","S$900,000(Neg.)","N/A","S$17,500","S$17,000","2026-05-04","https://www.businessforsale.sg/businesses-for-sale/profitable-interior-design-renovation-firm-for-sale-41517","https://image.businessforsale.sg/upload/thumbnail/202605040016314583.jpg"
"$5,000 To Launch Your Own Durian Business This Season. Online Or Offline. We Do The Work.","","","S$5,000","N/A","N/A","N/A","2026-05-04","https://www.businessforsale.sg/businesses-for-sale/5000-to-launch-your-own-durian-business-this-season-online-or-offline-we-do-the-work-41518","https://image.businessforsale.sg/upload/thumbnail/202605041132431701.png"
"Stop Trying To Start A Co-Working Space. Buy Into One That's Already Working.","","","S$20,000","N/A","N/A","N/A","2026-05-04","https://www.businessforsale.sg/businesses-for-sale/stop-trying-to-start-a-coworking-space-buy-into-one-thats-already-working-41520","https://image.businessforsale.sg/upload/thumbnail/202605041151086472.png"
"We Age Wine In The Ocean. Product Exists. We Need One Investor.","","","Price On Request","N/A","N/A","S$5,300","2026-05-04","https://www.businessforsale.sg/businesses-for-sale/we-age-wine-in-the-ocean-product-exists-we-need-one-investor-41521","https://image.businessforsale.sg/upload/thumbnail/202605041154173435.png"
"Minimart For Takeover","","","S$75,000(Neg.)","N/A","N/A","N/A","2026-05-04","https://www.businessforsale.sg/businesses-for-sale/minimart-for-takeover-41524","https://image.businessforsale.sg/upload/thumbnail/202605041220365471.jpg"
"Established Beauty Business With Strong Profit And Loyal Client Base","","","S$750,000(Neg.)","N/A","N/A","S$20,000","2026-05-04","https://www.businessforsale.sg/businesses-for-sale/established-beauty-business-with-strong-profit-and-loyal-client-base-41525","https://image.businessforsale.sg/upload/thumbnail/202605041235187196.jpg"
"Preschool Business For Sale - 1 Center With 3 Franchise Units","","","S$850,000","N/A","N/A","N/A","2026-05-04","https://www.businessforsale.sg/businesses-for-sale/preschool-business-for-sale-1-center-with-3-franchise-units-41529","https://image.businessforsale.sg/upload/thumbnail/202605041510026386.png"
"Early Childhood Education Platform For Sale","","","Price On Request","N/A","N/A","N/A","2026-05-04","https://www.businessforsale.sg/businesses-for-sale/early-childhood-education-platform-for-sale-41530","https://image.businessforsale.sg/upload/thumbnail/202605041532043615.png"
"Invest In A Sugarcane Vending Machine Franchise With Avg 4.5% Monthly Return!","","","S$25,000","N/A","$4,200","N/A","2026-05-04","https://www.businessforsale.sg/businesses-for-sale/invest-in-a-sugarcane-vending-machine-franchise-with-avg-45-monthly-return-41533","https://image.businessforsale.sg/upload/thumbnail/202605041556578230.jpg"
"Scalable Security Management Company For Sale","","","S$599,999","N/A","N/A","S$6,000","2026-05-04","https://www.businessforsale.sg/businesses-for-sale/scalable-security-management-company-for-sale-41534","https://image.businessforsale.sg/upload/thumbnail/202605041646180786.png"
"SEEKING PARTNERSHIP / INVESTOR - HEV / EV","","","S$200K - 500K","N/A","N/A","S$6,500","2026-05-04","https://www.businessforsale.sg/businesses-for-sale/seeking-partnership-investor-hev-ev-33399","https://image.businessforsale.sg/upload/thumbnail/202605041909212866.png"
"688 Sqft 5 rooms Well-Renovated Orchard Beauty Salon / Aesthetic Clinic Shop Space For Takeover","","","S$20,000(Neg.)","N/A","N/A","N/A","2026-05-04","https://www.businessforsale.sg/businesses-for-sale/688-sqft-5-rooms-wellrenovated-orchard-beauty-salon-aesthetic-clinic-shop-space-for-takeover-41042","https://image.businessforsale.sg/upload/thumbnail/beauty.png"
"Profitable Chinese Fine Dining Restaurant | Prime CBD Location | Strong Revenue & Stable Operations","","","S$200,000(Neg.)","N/A","N/A","N/A","2026-05-04","https://www.businessforsale.sg/businesses-for-sale/profitable-chinese-fine-dining-restaurant-prime-cbd-location-strong-revenue-stable-operations-41526","https://image.businessforsale.sg/upload/thumbnail/fnb.png"
"Serious Investor Wanted","","","S$80,000","S$150,000","S$1,000","S$3,679","2026-05-04","https://www.businessforsale.sg/businesses-for-sale/serious-investor-wanted-41516","https://image.businessforsale.sg/upload/thumbnail/transport.png"
"New & Promising Football Academy _ Investment OpportunityKovan S$50K - 100K","","","S$70,000(Neg.)","N/A","","N/A","2026-05-05","https://www.businessforsale.sg/login","/images/flag/sg.jpg"
"Boutique Digital Marketing Agency Business For Sale","","","S$2,200,000","N/A","N/A","N/A","2026-05-05","https://www.businessforsale.sg/businesses-for-sale/boutique-digital-marketing-agency-business-for-sale-40204","https://image.businessforsale.sg/upload/thumbnail/202511302044347164.jpeg"
"Fast Growing Lighting Integration Distributor For Sale","","","S$5,300,000(Neg.)","N/A","N/A","N/A","2026-05-05","https://www.businessforsale.sg/businesses-for-sale/fast-growing-lighting-integration-distributor-for-sale-40294","https://image.businessforsale.sg/upload/thumbnail/202512091031598131.jpg"
"High-Traffic MRT Caf? Franchise With Corporate Bulk Orders ? Turnkey Setup","","","S$320,000(Neg.)","N/A","N/A","S$5,789","2026-05-05","https://www.businessforsale.sg/businesses-for-sale/hightraffic-mrt-caf-franchise-with-corporate-bulk-orders-turnkey-setup-40833","https://image.businessforsale.sg/upload/thumbnail/202602191720242290.jpg"
"Audio Visual Integration Business For Sale","","","S$1,300,000","N/A","N/A","N/A","2026-05-05","https://www.businessforsale.sg/businesses-for-sale/audio-visual-integration-business-for-sale-40926","https://image.businessforsale.sg/upload/thumbnail/202603031728228578.jpg"
"Established Automotive Workshop With Recurring Fleet Servicing & Government Contracts","","","S$550,000(Neg.)","N/A","N/A","S$16,000","2026-05-05","https://www.businessforsale.sg/businesses-for-sale/established-automotive-workshop-with-recurring-fleet-servicing-government-contracts-40986","https://image.businessforsale.sg/upload/thumbnail/202603091640093410.jpg"
"Auto Identification Solution Provider Business For Sale","","","RM8,000,000(Neg.)","N/A","N/A","N/A","2026-05-05","https://www.businessforsale.sg/businesses-for-sale/auto-identification-solution-provider-business-for-sale-41161","https://image.businessforsale.sg/upload/thumbnail/202603261541131386.jpg"
"Profitable Premium Skincare E-Commerce Brand For Sale","","","$55,000","$20,200","N/A","N/A","2026-05-05","https://www.businessforsale.sg/businesses-for-sale/profitable-premium-skincare-ecommerce-brand-for-sale-41496","https://image.businessforsale.sg/upload/thumbnail/202604291938249105.png"
"Preschool Business For Sale - 1 Center With 3 Franchise Units","","","S$850,000","N/A","N/A","N/A","2026-05-05","https://www.businessforsale.sg/businesses-for-sale/preschool-business-for-sale-1-center-with-3-franchise-units-41529","https://image.businessforsale.sg/upload/thumbnail/202605041510026386.png"
"Early Childhood Education Platform For Sale","","","Price On Request","N/A","N/A","N/A","2026-05-05","https://www.businessforsale.sg/businesses-for-sale/early-childhood-education-platform-for-sale-41530","https://image.businessforsale.sg/upload/thumbnail/202605041532043615.png"
"Invest In A Sugarcane Vending Machine Franchise With Avg 4.5% Monthly Return!","","","S$25,000","N/A","$4,200","N/A","2026-05-05","https://www.businessforsale.sg/businesses-for-sale/invest-in-a-sugarcane-vending-machine-franchise-with-avg-45-monthly-return-41533","https://image.businessforsale.sg/upload/thumbnail/202605041556578230.jpg"
"Scalable Security Management Company For Sale","","","S$599,999","N/A","N/A","S$6,000","2026-05-05","https://www.businessforsale.sg/businesses-for-sale/scalable-security-management-company-for-sale-41534","https://image.businessforsale.sg/upload/thumbnail/202605041646180786.png"
"??uen | ?????????? | ??????????????????????????? | 0% Downtime","","","S$200K - 500K","N/A","N/A","N/A","2026-05-05","https://www.businessforsale.sg/businesses-for-sale/41536","https://image.businessforsale.sg/upload/thumbnail/202605041747505354.jpg"
"SEEKING PARTNERSHIP / INVESTOR - HEV / EV","","","S$200K - 500K","N/A","N/A","S$6,500","2026-05-05","https://www.businessforsale.sg/businesses-for-sale/seeking-partnership-investor-hev-ev-33399","https://image.businessforsale.sg/upload/thumbnail/202605041909212866.png"
"Profitable Businesses In Different Industries Looking To Exit/Raise Funds","","","Price On Request","N/A","N/A","N/A","2026-05-05","https://www.businessforsale.sg/businesses-for-sale/profitable-businesses-in-different-industries-looking-to-exitraise-funds-41540","https://image.businessforsale.sg/upload/thumbnail/202605051601084592.png"
"Certified Architectural Hardware Distribution Business For Sale","","","S$2,000,000","N/A","N/A","N/A","2026-05-05","https://www.businessforsale.sg/businesses-for-sale/certified-architectural-hardware-distribution-business-for-sale-41542","https://image.businessforsale.sg/upload/thumbnail/202605051952318786.jpg"
"Individuals Who Wants To Be Your Own Boss - Tuition Centre With Students For Takeover.","","","S$50K - 100K","N/A","N/A","N/A","2026-05-05","https://www.businessforsale.sg/businesses-for-sale/individuals-who-wants-to-be-your-own-boss-tuition-centre-with-students-for-takeover-41541","https://image.businessforsale.sg/upload/thumbnail/education.png"
"New & Promising Football Academy _ Investment Opportunity","","","S$50K - 100K","N/A","N/A","N/A","2026-05-05","https://www.businessforsale.sg/businesses-for-sale/new-promising-football-academy-investment-opportunity-38219","https://image.businessforsale.sg/upload/thumbnail/education.png"
"Seeking Full-Time Education Business Partner To Teach & Grow An Existing School In A Good Location","","","S$40,000","N/A","N/A","S$8,000","2026-05-05","https://www.businessforsale.sg/businesses-for-sale/seeking-fulltime-education-business-partner-to-teach-grow-an-existing-school-in-a-good-location-41545","https://image.businessforsale.sg/upload/thumbnail/education.png"
"Profitable Chinese Fine Dining Restaurant | Prime CBD Location | Strong Revenue & Stable Operations","","","S$200,000(Neg.)","N/A","N/A","N/A","2026-05-05","https://www.businessforsale.sg/businesses-for-sale/profitable-chinese-fine-dining-restaurant-prime-cbd-location-strong-revenue-stable-operations-41526","https://image.businessforsale.sg/upload/thumbnail/fnb.png"
"Chinese Restaurant at Office Area for TakeoverBukit Merah S$90,000(Neg.)","","","S$390,000(Neg.)","N/A","","","2026-05-10","https://www.businessforsale.sg/login","/images/flag/sg.jpg"
"Profitable Algo Trading Solution Looking For Investor (Verified Live Results)","","","$5,000","$5,000","N/A","S$20,000","2026-05-10","https://www.businessforsale.sg/businesses-for-sale/profitable-algo-trading-solution-looking-for-investor-verified-live-results-32765","https://image.businessforsale.sg/upload/thumbnail/202506081803463011.png"
"Cafe/Restaurant In Little India For Take Over","","","S$50K - 100K","N/A","N/A","N/A","2026-05-10","https://www.businessforsale.sg/businesses-for-sale/caferestaurant-in-little-india-for-take-over-41310","https://image.businessforsale.sg/upload/thumbnail/202604100956558869.jpg"
"Highly Profitable Pet-Safe Window Netting With Proprietary Locking System","","","S$1,000,000(Neg.)","N/A","N/A","S$8,000","2026-05-09","https://www.businessforsale.sg/businesses-for-sale/highly-profitable-petsafe-window-netting-with-proprietary-locking-system-40182","https://image.businessforsale.sg/upload/thumbnail/202511271125556575.jpeg"
"Profitable & Established SME Loan Brokerage For Takeover –Exclusive Bank Relationships,Turnkey Setup","","","S$330,000(Neg.)","N/A","N/A","S$2,000","2026-05-09","https://www.businessforsale.sg/businesses-for-sale/profitable-established-sme-loan-brokerage-for-takeover-exclusive-bank-relationshipsturnkey-setup-40261","https://image.businessforsale.sg/upload/thumbnail/202512052358037802.jpg"
"Mini Mart For Sale in Serangoon","","","S$600,000","S$180,000","N/A","N/A","2026-05-09","https://www.businessforsale.sg/businesses-for-sale/mini-mart-for-sale-in-serangoon-41573","https://image.businessforsale.sg/upload/thumbnail/202605090921223707.jpg"
"Mini Mart For Sale in Geylang","","","S$300,000(Neg.)","S$100,000","S$15,000","S$5,000","2026-05-09","https://www.businessforsale.sg/businesses-for-sale/mini-mart-for-sale-in-geylang-41572","https://image.businessforsale.sg/upload/thumbnail/202605090926250533.jpg"
"Childcare Site In Hougnag For $""0"" Takeover - Suit Student Care Operation","","","Price On Request","N/A","S$8,000","S$8,500","2026-05-09","https://www.businessforsale.sg/businesses-for-sale/childcare-site-in-hougnag-for-0-takeover-suit-student-care-operation-40216","https://image.businessforsale.sg/upload/thumbnail/202512011415001535.jpg"
"Fully Fitted Tuition Site @ Serangoon Ctral For Takeover_Reasonable rental","","","Price On Request","N/A","N/A","N/A","2026-05-09","https://www.businessforsale.sg/businesses-for-sale/fully-fitted-tuition-site-serangoon-ctral-for-takeoverreasonable-rental-40893","https://image.businessforsale.sg/upload/thumbnail/202602241938407047.jpg"
"Education Centre Near Bukit Gombak MRT For Takeover","","","Price On Request","N/A","N/A","N/A","2026-05-09","https://www.businessforsale.sg/businesses-for-sale/education-centre-near-bukit-gombak-mrt-for-takeover-39907","https://image.businessforsale.sg/upload/thumbnail/202510281257467612.jpg"
"Potential Education Site @ Jurong West St 41 For $”0″ Takeover","","","Price On Request","N/A","N/A","N/A","2026-05-09","https://www.businessforsale.sg/businesses-for-sale/potential-education-site-jurong-west-st-41-for-0-takeover-40956","https://image.businessforsale.sg/upload/thumbnail/202603061922270133.jpg"
"Fully Fitted Tuition And Enrichment Centre @ Kallang Bahru For Takeover","","","Price On Request","N/A","N/A","N/A","2026-05-09","https://www.businessforsale.sg/businesses-for-sale/fully-fitted-tuition-and-enrichment-centre-kallang-bahru-for-takeover-40563","https://image.businessforsale.sg/upload/thumbnail/202601141514182000.jpg"
"Childcare Site In Pasir Panjang For $”0″ Takeover_ Operational Ready","","","Price On Request","N/A","N/A","N/A","2026-05-09","https://www.businessforsale.sg/businesses-for-sale/childcare-site-in-pasir-panjang-for-0-takeover-operational-ready-41203","https://image.businessforsale.sg/upload/thumbnail/202603301353569675.jpg"
"Childcare Business In Bukit Panjang For Sale – HDB Lease","","","Price On Request","N/A","N/A","N/A","2026-05-09","https://www.businessforsale.sg/businesses-for-sale/childcare-business-in-bukit-panjang-for-sale-hdb-lease-41575","https://image.businessforsale.sg/upload/thumbnail/202605091627231252.jpg"
"Chinese Restaurant at Office Area for Takeover","","","S$90,000(Neg.)","N/A","N/A","N/A","2026-05-09","https://www.businessforsale.sg/businesses-for-sale/chinese-restaurant-at-office-area-for-takeover-40160","https://image.businessforsale.sg/upload/thumbnail/202605010121533841.jpeg"
"Beautiful Cafe For Immediate Take Over Near Kent Bridge MRT Station Singapore","","","Price On Request","N/A","N/A","S$9,000","2026-05-09","https://www.businessforsale.sg/businesses-for-sale/beautiful-cafe-for-immediate-take-over-near-kent-bridge-mrt-station-singapore-41574","https://image.businessforsale.sg/upload/thumbnail/202605091209256908.jpg"
"New & Promising Football Academy _ Investment Opportunity","","","S$50K - 100K","N/A","N/A","S$9,300","2026-05-09","https://www.businessforsale.sg/businesses-for-sale/new-promising-football-academy-investment-opportunity-38219","https://image.businessforsale.sg/upload/thumbnail/education.png"
"Scalable Premium Fruit Tea Brand With Established Sops And Supply Chain","","","Price On Request","N/A","N/A","N/A","2026-05-09","https://www.businessforsale.sg/businesses-for-sale/scalable-premium-fruit-tea-brand-with-established-sops-and-supply-chain-41333","https://image.businessforsale.sg/upload/thumbnail/202604221717244369.jpg"
"Established F&B Manufacturing Business With Recurring B2B Revenue","","","S$4,000,000(Neg.)","N/A","N/A","N/A","2026-05-09","https://www.businessforsale.sg/businesses-for-sale/established-fb-manufacturing-business-with-recurring-b2b-revenue-41528","https://image.businessforsale.sg/upload/thumbnail/202605081318228523.jpg"
"Property Co Owner Investments With Guaranteed ROI","","","S$138,000","S$84,000","N/A","S$7,253","2026-05-09","https://www.businessforsale.sg/businesses-for-sale/property-co-owner-investments-with-guaranteed-roi-39942","https://image.businessforsale.sg/upload/thumbnail/202605100745343254.jpg"
"$ Min.8%-12% Return Guaranteed $ 20 Years History $ Best & Rarest Opportunity You Should Not MissedCentral Area S$40,000","","","S$20,000","N/A","","","2026-05-10","https://www.businessforsale.sg/login","/images/flag/sg.jpg"
"$5,000 To Launch Your Own Durian Business This Season. Online Or Offline. We Do The Work.","","","S$5,000","N/A","N/A","N/A","2026-05-10","https://www.businessforsale.sg/businesses-for-sale/5000-to-launch-your-own-durian-business-this-season-online-or-offline-we-do-the-work-41518","https://image.businessforsale.sg/upload/thumbnail/202605041132431701.png"
"We Age Wine In The Ocean. Product Exists. We Need One Investor.","","","Price On Request","N/A","N/A","N/A","2026-05-10","https://www.businessforsale.sg/businesses-for-sale/we-age-wine-in-the-ocean-product-exists-we-need-one-investor-41521","https://image.businessforsale.sg/upload/thumbnail/202605041154173435.png"
"Looking for lender/funder for high interest monthly","","","No Takeover Fee","N/A","N/A","N/A","2026-05-10","https://www.businessforsale.sg/businesses-for-sale/looking-for-lenderfunder-for-high-interest-monthly-31322","https://image.businessforsale.sg/upload/thumbnail/transport.png"
"$ Min.8%-12% Return Guaranteed $ 20 Years History $ Best & Rarest Opportunity You Should Not Missed","","","S$40,000","N/A","N/A","N/A","2026-05-10","https://www.businessforsale.sg/businesses-for-sale/min812-return-guaranteed-20-years-history-best-rarest-opportunity-you-should-not-missed-34792","https://image.businessforsale.sg/upload/thumbnail/202412282256403197.png"
"🔥3 Months Trail ✅ Business Featured On Tv, Radio And Major Influencers!!!🔥","","","S$40,000","N/A","N/A","N/A","2026-05-10","https://www.businessforsale.sg/businesses-for-sale/3-months-trail-business-featured-on-tv-radio-and-major-influencers-40463","https://image.businessforsale.sg/upload/thumbnail/202512301805423073.jpg"
"🔥3 Months Trail For Stable Passive Income!!! 🔥 Rarest Opportunity!!! 🔥","","","S$40,000","N/A","N/A","N/A","2026-05-10","https://www.businessforsale.sg/businesses-for-sale/3-months-trail-for-stable-passive-income-rarest-opportunity-40586","https://image.businessforsale.sg/upload/thumbnail/202601171355531155.jpeg"
"Offering 3 Months Trial On 20 Years History High Profit Biz! No Other Business Will Offer You Such!","","","S$40,000","N/A","N/A","N/A","2026-05-10","https://www.businessforsale.sg/businesses-for-sale/offering-3-months-trial-on-20-years-history-high-profit-biz-no-other-business-will-offer-you-such-40429","https://image.businessforsale.sg/upload/thumbnail/202512262037172698.jpg"
"Please Learn From The Rich! Have Their Mindset!","","","S$40,000","N/A","N/A","N/A","2026-05-10","https://www.businessforsale.sg/businesses-for-sale/please-learn-from-the-rich-have-their-mindset-41430","https://image.businessforsale.sg/upload/thumbnail/202604221856594850.jpg"
"For Singaporeans To Co-Own A Good Profitable Biz And Enjoy Good Passive Income","","","S$8,000","N/A","N/A","N/A","2026-05-10","https://www.businessforsale.sg/businesses-for-sale/for-singaporeans-to-coown-a-good-profitable-biz-and-enjoy-good-passive-income-41429","https://image.businessforsale.sg/upload/thumbnail/202604221851127840.jpg"
"Finally This Is What Singaporeans Always Wanted & Needed! Good Passive Income! Min. 10% Profit $","","","S$40,000","N/A","N/A","N/A","2026-05-10","https://www.businessforsale.sg/businesses-for-sale/finally-this-is-what-singaporeans-always-wanted-needed-good-passive-income-min-10-profit-41428","https://image.businessforsale.sg/upload/thumbnail/202604221917262156.jpg"
"20+ Years Business! Min. Guaranteed 10% Profit $ Good Passive Income Immediately $","","","S$40,000","N/A","N/A","N/A","2026-05-10","https://www.businessforsale.sg/businesses-for-sale/20-years-business-min-guaranteed-10-profit-good-passive-income-immediately-41426","https://image.businessforsale.sg/upload/thumbnail/202604221824280305.jpg"
"“Established, High-Traffic Restaurant With Proven Earnings”","","","S$390,000(Neg.)","N/A","N/A","N/A","2026-05-10","https://www.businessforsale.sg/businesses-for-sale/established-hightraffic-restaurant-with-proven-earnings-38630","https://image.businessforsale.sg/upload/thumbnail/202508211200141033.jpg"
"Highly Profitable Pet-Safe Window Netting With Proprietary Locking System","","","S$1,000,000(Neg.)","N/A","N/A","S$8,000","2026-05-10","https://www.businessforsale.sg/businesses-for-sale/highly-profitable-petsafe-window-netting-with-proprietary-locking-system-40182","https://image.businessforsale.sg/upload/thumbnail/202511271125556575.jpeg"
"Profitable & Established SME Loan Brokerage For Takeover –Exclusive Bank Relationships,Turnkey Setup","","","S$330,000(Neg.)","N/A","N/A","S$2,000","2026-05-10","https://www.businessforsale.sg/businesses-for-sale/profitable-established-sme-loan-brokerage-for-takeover-exclusive-bank-relationshipsturnkey-setup-40261","https://image.businessforsale.sg/upload/thumbnail/202512052358037802.jpg"
"Mini Mart For Sale in Serangoon","","","S$600,000","S$180,000","N/A","N/A","2026-05-10","https://www.businessforsale.sg/businesses-for-sale/mini-mart-for-sale-in-serangoon-41573","https://image.businessforsale.sg/upload/thumbnail/202605090921223707.jpg"
"Mini Mart For Sale in Geylang","","","S$300,000(Neg.)","S$100,000","S$15,000","S$5,000","2026-05-10","https://www.businessforsale.sg/businesses-for-sale/mini-mart-for-sale-in-geylang-41572","https://image.businessforsale.sg/upload/thumbnail/202605090926250533.jpg"
"Childcare Site In Hougnag For $""0"" Takeover - Suit Student Care Operation","","","Price On Request","N/A","S$8,000","S$8,500","2026-05-10","https://www.businessforsale.sg/businesses-for-sale/childcare-site-in-hougnag-for-0-takeover-suit-student-care-operation-40216","https://image.businessforsale.sg/upload/thumbnail/202512011415001535.jpg"
"Established Korean Haircut Franchise | 4.6★ | 211 Reviews | Holland Rd / Bukit Timah | 4 Yrs LeftHolland Village S$100,000","","","S$2,000,000","N/A","","","2026-05-11","https://www.businessforsale.sg/login","/images/flag/sg.jpg"
"Premium Rice - Wholesaler/ Distributor/ Retailer - Well-Known & Trusted Brand 97498301","","","S$500K - 1M","N/A","S$500K-1M","S$34,000","2026-05-11","https://www.businessforsale.sg/businesses-for-sale/premium-rice-wholesaler-distributor-retailer-wellknown-trusted-brand-97498301-41409","https://image.businessforsale.sg/upload/thumbnail/202604262329371729.png"
"Established Korean Haircut Franchise | 4.6★ | 211 Reviews | Holland Rd / Bukit Timah | 4 Yrs Left","","","S$100,000","N/A","N/A","N/A","2026-05-11","https://www.businessforsale.sg/businesses-for-sale/established-korean-haircut-franchise-46-211-reviews-holland-rd-bukit-timah-4-yrs-left-41484","https://image.businessforsale.sg/upload/thumbnail/202604281456319475.jpg"
"Coffeeshop Business For Take Over. No Take Over Fees","","","Price On Request","N/A","N/A","N/A","2026-05-11","https://www.businessforsale.sg/businesses-for-sale/coffeeshop-business-for-take-over-no-take-over-fees-41584","https://image.businessforsale.sg/upload/thumbnail/202605111856225394.jpeg"
"Construction Company For Sale","","","S$200K - 500K","N/A","N/A","S$29,000","2026-05-11","https://www.businessforsale.sg/businesses-for-sale/construction-company-for-sale-41583","https://image.businessforsale.sg/upload/thumbnail/construction.png"
"Yishun Coffeeshop For Takeover","","","S$150,000","N/A","N/A","N/A","2026-05-11","https://www.businessforsale.sg/businesses-for-sale/yishun-coffeeshop-for-takeover-41585","https://image.businessforsale.sg/upload/thumbnail/202605111714173861.png"
"💰 Profitable Premium Preschool Platform | S$11M+ Revenue, S$3M+ Ebitda","","","&gt; S$5M","N/A","N/A","S$13,500","2026-05-11","https://www.businessforsale.sg/businesses-for-sale/profitable-premium-preschool-platform-s11m-revenue-s3m-ebitda-41582","https://image.businessforsale.sg/upload/thumbnail/202605111628574966.png"
"Investor Needed","","","S$15,000","N/A","N/A","N/A","2026-05-11","https://www.businessforsale.sg/businesses-for-sale/investor-needed-41135","https://image.businessforsale.sg/upload/thumbnail/beauty.png"
"Thai Restaurant At CBD For Takeover","","","S$34,998","N/A","N/A","S$3,500","2026-05-11","https://www.businessforsale.sg/businesses-for-sale/thai-restaurant-at-cbd-for-takeover-41581","https://image.businessforsale.sg/upload/thumbnail/202605111505160421.jpg"
"Established Infrastructure & Engineering Group With Strong Government-Linked Project Pipeline","","","Price On Request","N/A","N/A","S$6,500","2026-05-11","https://www.businessforsale.sg/businesses-for-sale/established-infrastructure-engineering-group-with-strong-governmentlinked-project-pipeline-41580","https://image.businessforsale.sg/upload/thumbnail/202605111342302140.jpg"
"Well-Known Franchise Kaya Toast Coffeehouse, Automated & Profitable","","","S$280,000(Neg.)","S$50K - 100K","N/A","N/A","2026-05-11","https://www.businessforsale.sg/businesses-for-sale/wellknown-franchise-kaya-toast-coffeehouse-automated-profitable-41579","https://image.businessforsale.sg/upload/thumbnail/202605111140293449.jpg"
"Indoor RAS Fish Farm in Singapore – Stocked, Ready to Grow","","","S$100,000(Neg.)","N/A","S$5K - 10K","N/A","2026-05-11","https://www.businessforsale.sg/businesses-for-sale/indoor-ras-fish-farm-in-singapore-stocked-ready-to-grow-37214","https://image.businessforsale.sg/upload/thumbnail/202512081713164491.jpg"
"Stop Trying To Start A Co-Working Space. Get Into One That's Already Working.","","","S$20,000","N/A","N/A","N/A","2026-05-11","https://www.businessforsale.sg/businesses-for-sale/stop-trying-to-start-a-coworking-space-get-into-one-thats-already-working-41520","https://image.businessforsale.sg/upload/thumbnail/202605041151086472.png"
"$5,000 To Launch Your Own Durian Business This Season. Online Or Offline. We Do The Work.","","","S$5,000","N/A","N/A","N/A","2026-05-11","https://www.businessforsale.sg/businesses-for-sale/5000-to-launch-your-own-durian-business-this-season-online-or-offline-we-do-the-work-41518","https://image.businessforsale.sg/upload/thumbnail/202605041132431701.png"
"We Age Wine In The Ocean. Product Exists. We Need One Investor.","","","Price On Request","N/A","N/A","N/A","2026-05-11","https://www.businessforsale.sg/businesses-for-sale/we-age-wine-in-the-ocean-product-exists-we-need-one-investor-41521","https://image.businessforsale.sg/upload/thumbnail/202605041154173435.png"
"Looking for lender/funder for high interest monthly","","","No Takeover Fee","N/A","N/A","N/A","2026-05-11","https://www.businessforsale.sg/businesses-for-sale/looking-for-lenderfunder-for-high-interest-monthly-31322","https://image.businessforsale.sg/upload/thumbnail/transport.png"
"$ Min.8%-12% Return Guaranteed $ 20 Years History $ Best & Rarest Opportunity You Should Not Missed","","","S$40,000","N/A","N/A","N/A","2026-05-11","https://www.businessforsale.sg/businesses-for-sale/min812-return-guaranteed-20-years-history-best-rarest-opportunity-you-should-not-missed-34792","https://image.businessforsale.sg/upload/thumbnail/202412282256403197.png"
"🔥3 Months Trail ✅ Business Featured On Tv, Radio And Major Influencers!!!🔥","","","S$40,000","N/A","N/A","N/A","2026-05-11","https://www.businessforsale.sg/businesses-for-sale/3-months-trail-business-featured-on-tv-radio-and-major-influencers-40463","https://image.businessforsale.sg/upload/thumbnail/202512301805423073.jpg"
"🔥3 Months Trail For Stable Passive Income!!! 🔥 Rarest Opportunity!!! 🔥","","","S$40,000","N/A","N/A","N/A","2026-05-11","https://www.businessforsale.sg/businesses-for-sale/3-months-trail-for-stable-passive-income-rarest-opportunity-40586","https://image.businessforsale.sg/upload/thumbnail/202601171355531155.jpeg"
"Offering 3 Months Trial On 20 Years History High Profit Biz! No Other Business Will Offer You Such!","","","S$40,000","N/A","N/A","N/A","2026-05-11","https://www.businessforsale.sg/businesses-for-sale/offering-3-months-trial-on-20-years-history-high-profit-biz-no-other-business-will-offer-you-such-40429","https://image.businessforsale.sg/upload/thumbnail/202512262037172698.jpg"
"For Sale: Luxury Medical Aesthetic Clinics And Medspas At Orchard And East Area (2 Locations)Orchard S$2,000,000","","","S$120,000(Neg.)","N/A","","","2026-05-12","https://www.businessforsale.sg/login","/images/flag/sg.jpg"
"20 Years History, Min.8%-12% Return Guaranteed, Best & Rarest Opportunity You Should Not Missed !!!","","","S$8,000","N/A","N/A","S$8,500","2026-05-12","https://www.businessforsale.sg/businesses-for-sale/20-years-history-min812-return-guaranteed-best-rarest-opportunity-you-should-not-missed-34679","https://image.businessforsale.sg/upload/thumbnail/202412181215218288.jpeg"
"✅ How To Identify A Good Business Investment? Be Smart & Not Ignorant! ✅","","","S$40,000","N/A","N/A","N/A","2026-05-12","https://www.businessforsale.sg/businesses-for-sale/how-to-identify-a-good-business-investment-be-smart-not-ignorant-40183","https://image.businessforsale.sg/upload/thumbnail/202511271116347457.jpg"
"😱 Trail The Business For 3 Months ✅ Limited Slots Available ✅ 20-Year-Old Food Brand😱","","","S$40,000","N/A","N/A","N/A","2026-05-12","https://www.businessforsale.sg/businesses-for-sale/trail-the-business-for-3-months-limited-slots-available-20yearold-food-brand-40432","https://image.businessforsale.sg/upload/thumbnail/202512271448371152.jpeg"
"Store For Takeover - Household / Electrical / Hardware Shop","","","S$120,000(Neg.)","N/A","N/A","N/A","2026-05-12","https://www.businessforsale.sg/businesses-for-sale/store-for-takeover-household-electrical-hardware-shop-40600","https://image.businessforsale.sg/upload/thumbnail/202601192134453381.jpg"
"Operator Seeking Strategic Capital Partner For Acquisition Of Established SME Finance Brokerage","","","S$450,000","N/A","N/A","S$6,500","2026-05-12","https://www.businessforsale.sg/businesses-for-sale/operator-seeking-strategic-capital-partner-for-acquisition-of-established-sme-finance-brokerage-41594","https://image.businessforsale.sg/upload/thumbnail/202605121402010807.jpg"
"注册近30年老牌家具店生意转让","","","S$3,950,000(Neg.)","N/A","N/A","N/A","2026-05-12","https://www.businessforsale.sg/businesses-for-sale/34747","https://image.businessforsale.sg/upload/thumbnail/202602041022288093.jpg"
"Casual Pasta Business For Sale","","","S$108,000","N/A","N/A","S$11,500","2026-05-12","https://www.businessforsale.sg/businesses-for-sale/casual-pasta-business-for-sale-41591","https://image.businessforsale.sg/upload/thumbnail/fnb.png"
"For Sale: Luxury Medical Aesthetic Clinics And Medspas At Orchard And East Area (2 Locations)","","","S$2,000,000","N/A","N/A","S$6,000","2026-05-12","https://www.businessforsale.sg/businesses-for-sale/for-sale-luxury-medical-aesthetic-clinics-and-medspas-at-orchard-and-east-area-2-locations-41588","https://image.businessforsale.sg/upload/thumbnail/healthcare.png"
"Premium Rice - Wholesaler/ Distributor/ Retailer - Well-Known & Trusted Brand 97498301","","","S$500K - 1M","N/A","S$500K-1M","S$34,000","2026-05-12","https://www.businessforsale.sg/businesses-for-sale/premium-rice-wholesaler-distributor-retailer-wellknown-trusted-brand-97498301-41409","https://image.businessforsale.sg/upload/thumbnail/202604262329371729.png"
"Established Korean Haircut Franchise | 4.6★ | 211 Reviews | Holland Rd / Bukit Timah | 4 Yrs Left","","","S$100,000","N/A","N/A","N/A","2026-05-12","https://www.businessforsale.sg/businesses-for-sale/established-korean-haircut-franchise-46-211-reviews-holland-rd-bukit-timah-4-yrs-left-41484","https://image.businessforsale.sg/upload/thumbnail/202604281456319475.jpg"
"Coffeeshop Business For Take Over. No Take Over Fees","","","Price On Request","N/A","N/A","N/A","2026-05-12","https://www.businessforsale.sg/businesses-for-sale/coffeeshop-business-for-take-over-no-take-over-fees-41584","https://image.businessforsale.sg/upload/thumbnail/202605111856225394.jpeg"
"Construction Company For Sale","","","S$200K - 500K","N/A","N/A","S$29,000","2026-05-12","https://www.businessforsale.sg/businesses-for-sale/construction-company-for-sale-41583","https://image.businessforsale.sg/upload/thumbnail/construction.png"
"Yishun Coffeeshop For Takeover","","","S$150,000","N/A","N/A","N/A","2026-05-12","https://www.businessforsale.sg/businesses-for-sale/yishun-coffeeshop-for-takeover-41585","https://image.businessforsale.sg/upload/thumbnail/202605111714173861.png"
"💰 Profitable Premium Preschool Platform | S$11M+ Revenue, S$3M+ Ebitda","","","&gt; S$5M","N/A","N/A","S$13,500","2026-05-12","https://www.businessforsale.sg/businesses-for-sale/profitable-premium-preschool-platform-s11m-revenue-s3m-ebitda-41582","https://image.businessforsale.sg/upload/thumbnail/202605111628574966.png"
"Investor Needed","","","S$15,000","N/A","N/A","N/A","2026-05-12","https://www.businessforsale.sg/businesses-for-sale/investor-needed-41135","https://image.businessforsale.sg/upload/thumbnail/beauty.png"
"Thai Restaurant At CBD For Takeover","","","S$34,998","N/A","N/A","S$3,500","2026-05-12","https://www.businessforsale.sg/businesses-for-sale/thai-restaurant-at-cbd-for-takeover-41581","https://image.businessforsale.sg/upload/thumbnail/202605111505160421.jpg"
"Established Infrastructure & Engineering Group With Strong Government-Linked Project Pipeline","","","Price On Request","N/A","N/A","S$6,500","2026-05-12","https://www.businessforsale.sg/businesses-for-sale/established-infrastructure-engineering-group-with-strong-governmentlinked-project-pipeline-41580","https://image.businessforsale.sg/upload/thumbnail/202605111342302140.jpg"
"Well-Known Franchise Kaya Toast Coffeehouse, Automated & Profitable","","","S$280,000(Neg.)","S$50K - 100K","N/A","N/A","2026-05-12","https://www.businessforsale.sg/businesses-for-sale/wellknown-franchise-kaya-toast-coffeehouse-automated-profitable-41579","https://image.businessforsale.sg/upload/thumbnail/202605111140293449.jpg"
"Indoor RAS Fish Farm in Singapore – Stocked, Ready to Grow","","","S$100,000(Neg.)","N/A","S$5K - 10K","N/A","2026-05-12","https://www.businessforsale.sg/businesses-for-sale/indoor-ras-fish-farm-in-singapore-stocked-ready-to-grow-37214","https://image.businessforsale.sg/upload/thumbnail/202512081713164491.jpg"
"Strategic Distribution & Investment Opportunity In Sustainable Eco SolutionsCentral Area Price On Request","","","S$2,500,000(Neg.)","N/A","","","","https://www.businessforsale.sg/login",""
"Court Judgment But No Payment? We Help Recover","","","Price On Request","N/A","N/A","N/A","","https://www.businessforsale.sg/businesses-for-sale/court-judgment-but-no-payment-we-help-recover-40693",""
"Investment Opportunity: Premier Childcare Group In Western Singapore","","","S$1M - 5M","S$200K - 500K","N/A","N/A","","https://www.businessforsale.sg/businesses-for-sale/investment-opportunity-premier-childcare-group-in-western-singapore-39704",""
"Rare Takeover Opportunity: Established Franchise Enrichment Centre with Recurring Revenue","","","S$460,000","N/A","S$50K - 100K","N/A","","https://www.businessforsale.sg/businesses-for-sale/rare-takeover-opportunity-established-franchise-enrichment-centre-with-recurring-revenue-36680",""
"Restaurant And Sportsbar For Takeover In Good Neighborhood!","","","Price On Request","N/A","N/A","N/A","","https://www.businessforsale.sg/businesses-for-sale/restaurant-and-sportsbar-for-takeover-in-good-neighborhood-41405",""
"1195 sqft 10 rooms Well-Renovated Orchard Beauty Salon / Aesthetic Clinic Shop Space For Takeover","","","S$40,000(Neg.)","N/A","N/A","S$15,500","","https://www.businessforsale.sg/businesses-for-sale/1195-sqft-10-rooms-wellrenovated-orchard-beauty-salon-aesthetic-clinic-shop-space-for-takeover-41041",""
"Profitable Honey Distribution Business With 200+ Active B2B Outlets","","","S$3,500,000(Neg.)","S$1,000,000","N/A","S$19,000","","https://www.businessforsale.sg/businesses-for-sale/profitable-honey-distribution-business-with-200-active-b2b-outlets-41570",""
"Ice Cream Shop At Serangoon For Takeover","","","S$59,997","N/A","N/A","N/A","","https://www.businessforsale.sg/businesses-for-sale/ice-cream-shop-at-serangoon-for-takeover-41609",""
"Hospitality-Focused Market Leader Commercial Cleaning Company With 14 Year Track Record","","","Price On Request","N/A","N/A","S$5,500","","https://www.businessforsale.sg/businesses-for-sale/hospitalityfocused-market-leader-commercial-cleaning-company-with-14-year-track-record-41608",""
"Rarely Available! Profitable Minimart For Takeover!","","","S$220,000(Neg.)","N/A","N/A","N/A","","https://www.businessforsale.sg/businesses-for-sale/rarely-available-profitable-minimart-for-takeover-41287",""
"Profitable Facilities Services Business(5M Range Revenue)With Established Operations & Existing Team","","","S$2,300,000(Neg.)","N/A","N/A","N/A","","https://www.businessforsale.sg/businesses-for-sale/profitable-facilities-services-business5m-range-revenuewith-established-operations-existing-team-41271",""
"Strategic Distribution & Investment Opportunity In Sustainable Eco Solutions","","","Price On Request","N/A","N/A","N/A","","https://www.businessforsale.sg/businesses-for-sale/strategic-distribution-investment-opportunity-in-sustainable-eco-solutions-41603",""
"High-Tech AI Co. Seeking S$2M-5M Investment To Expand Our Proven Track Record. 新加坡高科技人工智能公司，期待您的合作！","","","Price On Request","N/A","N/A","N/A","","https://www.businessforsale.sg/businesses-for-sale/hightech-ai-co-seeking-s2m5m-investment-to-expand-our-proven-track-record-40037",""
"Beer Cafe For Immediate Take-Over In Changi Village. 樟宜村店面招租。$O頂訨費! 適beer, Pizza, 火鍋，榴槤, 甜品等專賣店。","","","No Takeover Fee","N/A","N/A","N/A","","https://www.businessforsale.sg/businesses-for-sale/beer-cafe-for-immediate-takeover-in-changi-village-o-beer-pizza-41565",""
"Minimart For Takeover","","","S$75,000(Neg.)","N/A","N/A","N/A","","https://www.businessforsale.sg/businesses-for-sale/minimart-for-takeover-41524",""
"KTV PUB And Live Band Bistro Restaurants Looking For Taking Over","","","S$200,000","N/A","N/A","S$5,300","","https://www.businessforsale.sg/businesses-for-sale/ktv-pub-and-live-band-bistro-restaurants-looking-for-taking-over-41598",""
"🏫 Rare Bukit Timah Education Centre Premise Takeover | Fully Fitted & Near MRT","","","S$120,000(Neg.)","N/A","N/A","S$18,000","","https://www.businessforsale.sg/businesses-for-sale/rare-bukit-timah-education-centre-premise-takeover-fully-fitted-near-mrt-41597",""
"20 Years History, Min.8%-12% Return Guaranteed, Best & Rarest Opportunity You Should Not Missed !!!","","","S$8,000","N/A","N/A","S$8,500","","https://www.businessforsale.sg/businesses-for-sale/20-years-history-min812-return-guaranteed-best-rarest-opportunity-you-should-not-missed-34679",""
"✅ How To Identify A Good Business Investment? Be Smart & Not Ignorant! ✅","","","S$40,000","N/A","N/A","N/A","","https://www.businessforsale.sg/businesses-for-sale/how-to-identify-a-good-business-investment-be-smart-not-ignorant-40183",""
"😱 Trail The Business For 3 Months ✅ Limited Slots Available ✅ 20-Year-Old Food Brand😱","","","S$40,000","N/A","N/A","N/A","","https://www.businessforsale.sg/businesses-for-sale/trail-the-business-for-3-months-limited-slots-available-20yearold-food-brand-40432",""
"1195 sqft 10 rooms Well-Renovated Orchard Beauty Salon / Aesthetic Clinic Shop Space For Takeover","","","S$20,000(Neg.)","N/A","N/A","S$15,500","","https://www.businessforsale.sg/businesses-for-sale/1195-sqft-10-rooms-wellrenovated-orchard-beauty-salon-aesthetic-clinic-shop-space-for-takeover-41041",""
"Strategic Partnership : Premium Moving Servcies & Household Cleaning Services !Woodlands Price On Request","","","Price On Request","N/A","","",,"https://www.businessforsale.sg/login",
"全自助无人自动化养生项目","","","S$88,000","S$28,000","N/A","N/A",,"https://www.businessforsale.sg/businesses-for-sale/39781",
"Profitable Learn To Swim Business","","","S$200,000","S$70,000","S$17,000","N/A",,"https://www.businessforsale.sg/businesses-for-sale/profitable-learn-to-swim-business-41617",
"Strategic Partnership : Premium Moving Servcies & Household Cleaning Services !","","","Price On Request","N/A","S$20,000","S$0",,"https://www.businessforsale.sg/businesses-for-sale/strategic-partnership-premium-moving-servcies-household-cleaning-services-41614",
"Childcare Business In Clementi For Sale","","","Price On Request","N/A","N/A","N/A",,"https://www.businessforsale.sg/businesses-for-sale/childcare-business-in-clementi-for-sale-41615",
"Award-Winning Integrated Wellness Brand, IP/Trademark Rights, Diversified Revenue, Scalable 97498301","","","Price On Request","N/A","N/A","N/A",,"https://www.businessforsale.sg/businesses-for-sale/awardwinning-integrated-wellness-brand-iptrademark-rights-diversified-revenue-scalable-97498301-41613",
"Singapore’S Next Cute Character IP Brand With Retail & Expansion Potential","","","S$8,000,000","S$400,000","N/A","N/A",,"https://www.businessforsale.sg/businesses-for-sale/singapores-next-cute-character-ip-brand-with-retail-expansion-potential-41612",
"Indoor RAS Fish Farm in Singapore – Stocked, Ready to Grow","","","S$100,000(Neg.)","N/A","N/A","N/A",,"https://www.businessforsale.sg/businesses-for-sale/indoor-ras-fish-farm-in-singapore-stocked-ready-to-grow-37214",
"Established Electrical Engineering and Design Firm for Sale – Proven Expertise and Growth Potential","","","S$2,500,000(Neg.)","N/A","N/A","N/A",,"https://www.businessforsale.sg/businesses-for-sale/established-electrical-engineering-and-design-firm-for-sale-proven-expertise-and-growth-potential-30341",
