"tenderUnitId","hdbTown","address","floorArea","bidOpeningDate","currentBidClosingDate","tendererName","bidAmount","tenderTypeLabel","resultPublishingType","rentPublishingType","mediaUrls"
"2938","Geylang","1, Geylang Serai, #01-206, S(402001)","31.92","02-Mar-2026 09:00:00","05-Mar-2026 14:00:00","Chong Jia Wei","3350","E-bidding","PUB_RESULT_ALL","PUB_RENT_ALL","https://place2lease.hdb.gov.sg/media/MEDIA_IMAGE/18221;https://place2lease.hdb.gov.sg/media/MEDIA_IMAGE/18224;https://place2lease.hdb.gov.sg/media/MEDIA_IMAGE/18222;https://place2lease.hdb.gov.sg/media/MEDIA_IMAGE/18223"
"2810","Kallang / Whampoa","1, Thomson Road, #03-332E, S(300001)","64.6","15-Dec-2025 09:00:00","19-Dec-2025 10:19:50","Luxton J Pte. Ltd.","1625","E-bidding","PUB_RESULT_ALL","PUB_RENT_ALL","https://place2lease.hdb.gov.sg/media/MEDIA_IMAGE/17311;https://place2lease.hdb.gov.sg/media/MEDIA_IMAGE/17312"
"2822","Kallang / Whampoa","10, North Bridge Road, #02-5117, S(190010)","83","10-Nov-2025 09:00:00","13-Nov-2025 10:47:41","Zhang Yanbiao Daniel","2650","E-bidding","PUB_RESULT_ALL","PUB_RENT_ALL","https://place2lease.hdb.gov.sg/media/MEDIA_IMAGE/16830;https://place2lease.hdb.gov.sg/media/MEDIA_IMAGE/16827;https://place2lease.hdb.gov.sg/media/MEDIA_IMAGE/16829;https://place2lease.hdb.gov.sg/media/MEDIA_IMAGE/16828;https://place2lease.hdb.gov.sg/media/MEDIA_IMAGE/16826"
"2741","Toa Payoh","106A, Bidadari Park Drive, #01-01, S(341106)","49","27-Oct-2025 09:00:00","30-Oct-2025 10:07:22","Yap Shu Wei","5500","E-bidding","PUB_RESULT_ALL","PUB_RENT_ALL","https://place2lease.hdb.gov.sg/media/MEDIA_IMAGE/16071;https://place2lease.hdb.gov.sg/media/MEDIA_IMAGE/16075;https://place2lease.hdb.gov.sg/media/MEDIA_IMAGE/16074;https://place2lease.hdb.gov.sg/media/MEDIA_IMAGE/16076;https://place2lease.hdb.gov.sg/media/MEDIA_IMAGE/16072;https://place2lease.hdb.gov.sg/media/MEDIA_IMAGE/16073"
"2757","Bedok","113, Bedok North Street 2, #01-274, S(460113)","23.2","27-Oct-2025 09:00:00","31-Oct-2025 10:00:00","GOVINDARAJAN RAGAVAN","725","E-bidding","PUB_RESULT_ALL","PUB_RENT_ALL","https://place2lease.hdb.gov.sg/media/MEDIA_IMAGE/16182;https://place2lease.hdb.gov.sg/media/MEDIA_IMAGE/16181;https://place2lease.hdb.gov.sg/media/MEDIA_IMAGE/16183"
"2861","Sengkang","113, Rivervale Walk, #01-33, S(540113)","313","17-Nov-2025 09:00:00","20-Nov-2025 14:50:57","Toh ding kang","23500","E-bidding","PUB_RESULT_ALL","PUB_RENT_ALL",""
"2742","Toa Payoh","115B, Alkaff Crescent, #01-09, S(342115)","49","27-Oct-2025 09:00:00","30-Oct-2025 10:00:00","Zmg Hair Studio Pte. Ltd.","4100","E-bidding","PUB_RESULT_ALL","PUB_RENT_ALL","https://place2lease.hdb.gov.sg/media/MEDIA_IMAGE/16077;https://place2lease.hdb.gov.sg/media/MEDIA_IMAGE/16079;https://place2lease.hdb.gov.sg/media/MEDIA_IMAGE/16082;https://place2lease.hdb.gov.sg/media/MEDIA_IMAGE/16078;https://place2lease.hdb.gov.sg/media/MEDIA_IMAGE/16080;https://place2lease.hdb.gov.sg/media/MEDIA_IMAGE/16081;https://place2lease.hdb.gov.sg/media/MEDIA_IMAGE/16083"
"2843","Bukit Merah","123, Bukit Merah Lane 1, #03-106, S(150123)","68.5","10-Nov-2025 09:00:00","14-Nov-2025 12:08:02","LUQMAN HAKIIM","1125","E-bidding","PUB_RESULT_ALL","PUB_RENT_ALL","https://place2lease.hdb.gov.sg/media/MEDIA_IMAGE/17021;https://place2lease.hdb.gov.sg/media/MEDIA_IMAGE/17023;https://place2lease.hdb.gov.sg/media/MEDIA_IMAGE/17022;https://place2lease.hdb.gov.sg/media/MEDIA_IMAGE/17024"
"2842","Bukit Merah","123, BUKIT MERAH LANE 1, #04-70, S(150123)","84","10-Nov-2025 09:00:00","19-Nov-2025 17:34:43","JI BIN","1300","E-bidding","PUB_RESULT_ALL","PUB_RENT_ALL","https://place2lease.hdb.gov.sg/media/MEDIA_IMAGE/17015;https://place2lease.hdb.gov.sg/media/MEDIA_IMAGE/17016;https://place2lease.hdb.gov.sg/media/MEDIA_IMAGE/17018;https://place2lease.hdb.gov.sg/media/MEDIA_IMAGE/17017"
"2914","Bukit Merah","123, Bukit Merah Lane 1, #04-76, S(150123)","68.5","23-Feb-2026 09:00:00","27-Feb-2026 10:00:00","Harvest Consulting Engineers LLP","1150","E-bidding","PUB_RESULT_ALL","PUB_RENT_ALL",""
"2753","Bukit Merah","126, Bukit Merah Lane 1, #01-202, S(150126)","60.1","27-Oct-2025 09:00:00","31-Oct-2025 12:59:00","Lee Bair Wee","5150","E-bidding","PUB_RESULT_ALL","PUB_RENT_ALL","https://place2lease.hdb.gov.sg/media/MEDIA_IMAGE/16208;https://place2lease.hdb.gov.sg/media/MEDIA_IMAGE/16220;https://place2lease.hdb.gov.sg/media/MEDIA_IMAGE/16206;https://place2lease.hdb.gov.sg/media/MEDIA_IMAGE/16221;https://place2lease.hdb.gov.sg/media/MEDIA_IMAGE/16207;https://place2lease.hdb.gov.sg/media/MEDIA_IMAGE/16211;https://place2lease.hdb.gov.sg/media/MEDIA_IMAGE/16210;https://place2lease.hdb.gov.sg/media/MEDIA_IMAGE/16218;https://place2lease.hdb.gov.sg/media/MEDIA_IMAGE/16214;https://place2lease.hdb.gov.sg/media/MEDIA_IMAGE/16219;https://place2lease.hdb.gov.sg/media/MEDIA_IMAGE/16212;https://place2lease.hdb.gov.sg/media/MEDIA_IMAGE/16215;https://place2lease.hdb.gov.sg/media/MEDIA_IMAGE/16209;https://place2lease.hdb.gov.sg/media/MEDIA_IMAGE/16216;https://place2lease.hdb.gov.sg/media/MEDIA_IMAGE/16222;https://place2lease.hdb.gov.sg/media/MEDIA_IMAGE/16213;https://place2lease.hdb.gov.sg/media/MEDIA_IMAGE/16217"
"2990","Toa Payoh","146, Potong Pasir Avenue 1, #02-145, S(350146)","80","23-Mar-2026 09:00:00","26-Mar-2026 12:16:24","cz","2500","E-bidding","PUB_RESULT_ALL","PUB_RENT_ALL","https://place2lease.hdb.gov.sg/media/MEDIA_IMAGE/18850;https://place2lease.hdb.gov.sg/media/MEDIA_IMAGE/18844;https://place2lease.hdb.gov.sg/media/MEDIA_IMAGE/18845;https://place2lease.hdb.gov.sg/media/MEDIA_IMAGE/18843;https://place2lease.hdb.gov.sg/media/MEDIA_IMAGE/18847;https://place2lease.hdb.gov.sg/media/MEDIA_IMAGE/18848;https://place2lease.hdb.gov.sg/media/MEDIA_IMAGE/18849;https://place2lease.hdb.gov.sg/media/MEDIA_IMAGE/18846"
"2762","Toa Payoh","147, Potong Pasir Avenue 1, #02-95, S(350147)","165","27-Oct-2025 09:00:00","31-Oct-2025 12:50:17","Top Faith Pte. Ltd.","4300","E-bidding","PUB_RESULT_ALL","PUB_RENT_ALL","https://place2lease.hdb.gov.sg/media/MEDIA_IMAGE/16156;https://place2lease.hdb.gov.sg/media/MEDIA_IMAGE/16160;https://place2lease.hdb.gov.sg/media/MEDIA_IMAGE/16157;https://place2lease.hdb.gov.sg/media/MEDIA_IMAGE/16161;https://place2lease.hdb.gov.sg/media/MEDIA_IMAGE/16155;https://place2lease.hdb.gov.sg/media/MEDIA_IMAGE/16158;https://place2lease.hdb.gov.sg/media/MEDIA_IMAGE/16159;https://place2lease.hdb.gov.sg/media/MEDIA_IMAGE/16162;https://place2lease.hdb.gov.sg/media/MEDIA_IMAGE/16163"
"2761","Bukit Batok","151, Bukit Batok Street 11, #03-254, S(650151)","74.5","27-Oct-2025 09:00:00","31-Oct-2025 13:03:46","Chris Ng","2788","E-bidding","PUB_RESULT_ALL","PUB_RENT_ALL","https://place2lease.hdb.gov.sg/media/MEDIA_IMAGE/16165;https://place2lease.hdb.gov.sg/media/MEDIA_IMAGE/16164;https://place2lease.hdb.gov.sg/media/MEDIA_IMAGE/16166;https://place2lease.hdb.gov.sg/media/MEDIA_IMAGE/16167"
"2833","Queenstown","154, Mei Ling Street , #01-34, S(140154)","60.1","10-Nov-2025 09:00:00","13-Nov-2025 15:28:27","Globuild Development Pte. Ltd.","3838","E-bidding","PUB_RESULT_ALL","PUB_RENT_ALL","https://place2lease.hdb.gov.sg/media/MEDIA_IMAGE/16946;https://place2lease.hdb.gov.sg/media/MEDIA_IMAGE/16945;https://place2lease.hdb.gov.sg/media/MEDIA_IMAGE/16940;https://place2lease.hdb.gov.sg/media/MEDIA_IMAGE/16944;https://place2lease.hdb.gov.sg/media/MEDIA_IMAGE/16941;https://place2lease.hdb.gov.sg/media/MEDIA_IMAGE/16939;https://place2lease.hdb.gov.sg/media/MEDIA_IMAGE/16949;https://place2lease.hdb.gov.sg/media/MEDIA_IMAGE/16950;https://place2lease.hdb.gov.sg/media/MEDIA_IMAGE/16942;https://place2lease.hdb.gov.sg/media/MEDIA_IMAGE/16948;https://place2lease.hdb.gov.sg/media/MEDIA_IMAGE/16943;https://place2lease.hdb.gov.sg/media/MEDIA_IMAGE/16951"
"2993","Bukit Batok","158, Bukit Batok Street 11, #04-218, S(650158)","115","23-Mar-2026 09:00:00","28-Mar-2026 15:09:56"," VIET SING INTELLIGENCE SERVICES","1600","E-bidding","PUB_RESULT_ALL","PUB_RENT_ALL","https://place2lease.hdb.gov.sg/media/MEDIA_IMAGE/18870;https://place2lease.hdb.gov.sg/media/MEDIA_IMAGE/18879;https://place2lease.hdb.gov.sg/media/MEDIA_IMAGE/18878;https://place2lease.hdb.gov.sg/media/MEDIA_IMAGE/18873;https://place2lease.hdb.gov.sg/media/MEDIA_IMAGE/18871;https://place2lease.hdb.gov.sg/media/MEDIA_IMAGE/18875;https://place2lease.hdb.gov.sg/media/MEDIA_IMAGE/18877;https://place2lease.hdb.gov.sg/media/MEDIA_IMAGE/18868;https://place2lease.hdb.gov.sg/media/MEDIA_IMAGE/18869;https://place2lease.hdb.gov.sg/media/MEDIA_IMAGE/18876;https://place2lease.hdb.gov.sg/media/MEDIA_IMAGE/18874;https://place2lease.hdb.gov.sg/media/MEDIA_IMAGE/18872"
"2840","Bukit Batok","158, Bukit Batok Street 11, #04-220, S(650158)","115","10-Nov-2025 09:00:00","14-Nov-2025 10:00:00","OSS Services Pte Ltd ","1600","E-bidding","PUB_RESULT_ALL","PUB_RENT_ALL","https://place2lease.hdb.gov.sg/media/MEDIA_IMAGE/17002;https://place2lease.hdb.gov.sg/media/MEDIA_IMAGE/17003;https://place2lease.hdb.gov.sg/media/MEDIA_IMAGE/17005;https://place2lease.hdb.gov.sg/media/MEDIA_IMAGE/17004"
"2983","Bukit Merah","164, Bukit Merah Central, #03-3623, S(150164)","81.5","23-Mar-2026 09:00:00","27-Mar-2026 10:54:22","Unioaks Private Limited","2025","E-bidding","PUB_RESULT_ALL","PUB_RENT_ALL","https://place2lease.hdb.gov.sg/media/MEDIA_IMAGE/18793;https://place2lease.hdb.gov.sg/media/MEDIA_IMAGE/18796;https://place2lease.hdb.gov.sg/media/MEDIA_IMAGE/18794;https://place2lease.hdb.gov.sg/media/MEDIA_IMAGE/18795;https://place2lease.hdb.gov.sg/media/MEDIA_IMAGE/18797"
"2813","Bukit Merah","164, Bukit Merah Central, #03-3631, S(150164)","76.2","15-Dec-2025 09:00:00","19-Dec-2025 12:18:07","Mag-it Solutions Pte. Ltd.","1550","E-bidding","PUB_RESULT_ALL","PUB_RENT_ALL","https://place2lease.hdb.gov.sg/media/MEDIA_IMAGE/17179;https://place2lease.hdb.gov.sg/media/MEDIA_IMAGE/17183;https://place2lease.hdb.gov.sg/media/MEDIA_IMAGE/17180;https://place2lease.hdb.gov.sg/media/MEDIA_IMAGE/17181;https://place2lease.hdb.gov.sg/media/MEDIA_IMAGE/17184;https://place2lease.hdb.gov.sg/media/MEDIA_IMAGE/17182;https://place2lease.hdb.gov.sg/media/MEDIA_IMAGE/17178"
"2891","Bukit Merah","164, Bukit Merah Central, #04-3649, S(150164)","152.4","23-Feb-2026 09:00:00","27-Feb-2026 10:00:00","Archideas Design","2550","E-bidding","PUB_RESULT_ALL","PUB_RENT_ALL",""
"2984","Bukit Merah","165, Bukit Merah Central, #05-3661, S(150165)","120","23-Mar-2026 09:00:00","27-Mar-2026 10:36:58","Sproot","2600","E-bidding","PUB_RESULT_ALL","PUB_RENT_ALL","https://place2lease.hdb.gov.sg/media/MEDIA_IMAGE/18800;https://place2lease.hdb.gov.sg/media/MEDIA_IMAGE/18805;https://place2lease.hdb.gov.sg/media/MEDIA_IMAGE/18806;https://place2lease.hdb.gov.sg/media/MEDIA_IMAGE/18804;https://place2lease.hdb.gov.sg/media/MEDIA_IMAGE/18807;https://place2lease.hdb.gov.sg/media/MEDIA_IMAGE/18802;https://place2lease.hdb.gov.sg/media/MEDIA_IMAGE/18801;https://place2lease.hdb.gov.sg/media/MEDIA_IMAGE/18803;https://place2lease.hdb.gov.sg/media/MEDIA_IMAGE/18808"
"2848","Bukit Merah","165, Bukit Merah Central, #05-3685, S(150165)","76.2","15-Dec-2025 09:00:00","19-Dec-2025 12:00:00","Alto Construction And Engineering Services Pte. Ltd.","1400","E-bidding","PUB_RESULT_ALL","PUB_RENT_ALL","https://place2lease.hdb.gov.sg/media/MEDIA_IMAGE/17187;https://place2lease.hdb.gov.sg/media/MEDIA_IMAGE/17190;https://place2lease.hdb.gov.sg/media/MEDIA_IMAGE/17189;https://place2lease.hdb.gov.sg/media/MEDIA_IMAGE/17188"
"2926","Hougang","181, Hougang Street 13, #01-04, S(530181)","45","23-Feb-2026 09:00:00","27-Feb-2026 13:25:00","TL Dee Roy","6550","E-bidding","PUB_RESULT_ALL","PUB_RENT_ALL",""
"2928","Hougang","181, Hougang Street 13, #01-06, S(530181)","49","23-Feb-2026 09:00:00","27-Feb-2026 10:08:13","Chin Khai Lee","4550","E-bidding","PUB_RESULT_ALL","PUB_RENT_ALL",""
"2929","Hougang","181, Hougang Street 13, #01-07, S(530181)","53","23-Feb-2026 09:00:00","27-Feb-2026 10:02:18","TAN","4500","E-bidding","PUB_RESULT_ALL","PUB_RENT_ALL",""
"2930","Hougang","181, Hougang Street 13, #01-08, S(530181)","55","23-Feb-2026 09:00:00","27-Feb-2026 10:00:00","MOH CHIN HONG","4200","E-bidding","PUB_RESULT_ALL","PUB_RENT_ALL",""
"2795","Toa Payoh","194, Kim Keat Avenue, #01-390, S(310194)","69","15-Dec-2025 09:00:00","18-Dec-2025 10:04:50","koh","4600","E-bidding","PUB_RESULT_ALL","PUB_RENT_ALL","https://place2lease.hdb.gov.sg/media/MEDIA_IMAGE/17262;https://place2lease.hdb.gov.sg/media/MEDIA_IMAGE/17266;https://place2lease.hdb.gov.sg/media/MEDIA_IMAGE/17265;https://place2lease.hdb.gov.sg/media/MEDIA_IMAGE/17263;https://place2lease.hdb.gov.sg/media/MEDIA_IMAGE/17270;https://place2lease.hdb.gov.sg/media/MEDIA_IMAGE/17272;https://place2lease.hdb.gov.sg/media/MEDIA_IMAGE/17274;https://place2lease.hdb.gov.sg/media/MEDIA_IMAGE/17264;https://place2lease.hdb.gov.sg/media/MEDIA_IMAGE/17269;https://place2lease.hdb.gov.sg/media/MEDIA_IMAGE/17267;https://place2lease.hdb.gov.sg/media/MEDIA_IMAGE/17268;https://place2lease.hdb.gov.sg/media/MEDIA_IMAGE/17271"
"2924","Kallang / Whampoa","2, Balestier Road, #03-653, S(320002)","64.6","23-Feb-2026 09:00:00","27-Feb-2026 12:00:00","Disrupt Pte. Ltd.","1375","E-bidding","PUB_RESULT_ALL","PUB_RENT_ALL",""
"2809","Kallang / Whampoa","2, Balestier Road, #04-683, S(320002)","64.6","15-Dec-2025 09:00:00","19-Dec-2025 10:10:27","Khoo Sin Tze","1500","E-bidding","PUB_RESULT_ALL","PUB_RENT_ALL","https://place2lease.hdb.gov.sg/media/MEDIA_IMAGE/17349;https://place2lease.hdb.gov.sg/media/MEDIA_IMAGE/17348;https://place2lease.hdb.gov.sg/media/MEDIA_IMAGE/17346;https://place2lease.hdb.gov.sg/media/MEDIA_IMAGE/17347"
"2752","Kallang / Whampoa","2, Kitchener Road, #01-83, S(200002)","47.1","27-Oct-2025 09:00:00","30-Oct-2025 14:20:16","meadows","2980","E-bidding","PUB_RESULT_ALL","PUB_RENT_ALL","https://place2lease.hdb.gov.sg/media/MEDIA_IMAGE/16141;https://place2lease.hdb.gov.sg/media/MEDIA_IMAGE/16140;https://place2lease.hdb.gov.sg/media/MEDIA_IMAGE/16139"
"2979","Kallang / Whampoa","2, Kitchener Road, #02-81, S(200002)","52.86","23-Mar-2026 09:00:00","26-Mar-2026 14:18:05","Ong Hock Guan","2850","E-bidding","PUB_RESULT_ALL","PUB_RENT_ALL","https://place2lease.hdb.gov.sg/media/MEDIA_IMAGE/18743;https://place2lease.hdb.gov.sg/media/MEDIA_IMAGE/18747;https://place2lease.hdb.gov.sg/media/MEDIA_IMAGE/18746;https://place2lease.hdb.gov.sg/media/MEDIA_IMAGE/18745;https://place2lease.hdb.gov.sg/media/MEDIA_IMAGE/18744;https://place2lease.hdb.gov.sg/media/MEDIA_IMAGE/18742"
"2981","Kallang / Whampoa","2, Kitchener Road, #02-89, S(200002)","89.28","23-Mar-2026 09:00:00","26-Mar-2026 12:52:25","Spring College International Pte. Ltd.","3900","E-bidding","PUB_RESULT_ALL","PUB_RENT_ALL","https://place2lease.hdb.gov.sg/media/MEDIA_IMAGE/18764;https://place2lease.hdb.gov.sg/media/MEDIA_IMAGE/18767;https://place2lease.hdb.gov.sg/media/MEDIA_IMAGE/18763;https://place2lease.hdb.gov.sg/media/MEDIA_IMAGE/18765;https://place2lease.hdb.gov.sg/media/MEDIA_IMAGE/18766;https://place2lease.hdb.gov.sg/media/MEDIA_IMAGE/18762;https://place2lease.hdb.gov.sg/media/MEDIA_IMAGE/18761"
"2991","Tampines","201D, Tampines Street 21, #03-1155, S(524201)","87.5","23-Mar-2026 09:00:00","26-Mar-2026 12:00:00","Muhammad Ilyas Bin Mohamad Asraff","1900","E-bidding","PUB_RESULT_ALL","PUB_RENT_ALL","https://place2lease.hdb.gov.sg/media/MEDIA_IMAGE/18857;https://place2lease.hdb.gov.sg/media/MEDIA_IMAGE/18856;https://place2lease.hdb.gov.sg/media/MEDIA_IMAGE/18853;https://place2lease.hdb.gov.sg/media/MEDIA_IMAGE/18855;https://place2lease.hdb.gov.sg/media/MEDIA_IMAGE/18854;https://place2lease.hdb.gov.sg/media/MEDIA_IMAGE/18858"
"2844","Tampines","201E, Tampines Street 23, #02-98, S(527201)","87.5","10-Nov-2025 09:00:00","14-Nov-2025 12:00:00","TBD","1900","E-bidding","PUB_RESULT_ALL","PUB_RENT_ALL","https://place2lease.hdb.gov.sg/media/MEDIA_IMAGE/17028;https://place2lease.hdb.gov.sg/media/MEDIA_IMAGE/17029;https://place2lease.hdb.gov.sg/media/MEDIA_IMAGE/17032;https://place2lease.hdb.gov.sg/media/MEDIA_IMAGE/17027;https://place2lease.hdb.gov.sg/media/MEDIA_IMAGE/17031;https://place2lease.hdb.gov.sg/media/MEDIA_IMAGE/17026;https://place2lease.hdb.gov.sg/media/MEDIA_IMAGE/17030"
"2845","Hougang","204, Hougang Street 21, #02-105, S(530204)","68.6","10-Nov-2025 09:00:00","14-Nov-2025 12:52:47","Yuan Xing Construction Pte. Ltd.","2558","E-bidding","PUB_RESULT_ALL","PUB_RENT_ALL","https://place2lease.hdb.gov.sg/media/MEDIA_IMAGE/17035;https://place2lease.hdb.gov.sg/media/MEDIA_IMAGE/17036;https://place2lease.hdb.gov.sg/media/MEDIA_IMAGE/17037;https://place2lease.hdb.gov.sg/media/MEDIA_IMAGE/17040;https://place2lease.hdb.gov.sg/media/MEDIA_IMAGE/17038;https://place2lease.hdb.gov.sg/media/MEDIA_IMAGE/17039"
"2877","Yishun","208, Yishun Street 21, #01-K1, S(760208)","23","19-Jan-2026 09:00:00","22-Jan-2026 10:21:41","Kalayan Salon","2138","E-bidding","PUB_RESULT_ALL","PUB_RENT_ALL","https://place2lease.hdb.gov.sg/media/MEDIA_IMAGE/17778;https://place2lease.hdb.gov.sg/media/MEDIA_IMAGE/17777;https://place2lease.hdb.gov.sg/media/MEDIA_IMAGE/17773;https://place2lease.hdb.gov.sg/media/MEDIA_IMAGE/17779;https://place2lease.hdb.gov.sg/media/MEDIA_IMAGE/17780;https://place2lease.hdb.gov.sg/media/MEDIA_IMAGE/17776;https://place2lease.hdb.gov.sg/media/MEDIA_IMAGE/17775;https://place2lease.hdb.gov.sg/media/MEDIA_IMAGE/17774"
"2740","Toa Payoh","212, Bidadari Park Drive, #03-09, S(360212)","49","27-Oct-2025 09:00:00","30-Oct-2025 10:00:00","Kiant Wong","5300","E-bidding","PUB_RESULT_ALL","PUB_RENT_ALL","https://place2lease.hdb.gov.sg/media/MEDIA_IMAGE/16064;https://place2lease.hdb.gov.sg/media/MEDIA_IMAGE/16066;https://place2lease.hdb.gov.sg/media/MEDIA_IMAGE/16063;https://place2lease.hdb.gov.sg/media/MEDIA_IMAGE/16062;https://place2lease.hdb.gov.sg/media/MEDIA_IMAGE/16065;https://place2lease.hdb.gov.sg/media/MEDIA_IMAGE/16061"
"2805","Toa Payoh","216, Lorong 8 Toa Payoh, #01-607, S(310216)","22.13","15-Dec-2025 09:00:00","18-Dec-2025 14:00:00","Bhahurutheen Sahul Hameed","800","E-bidding","PUB_RESULT_ALL","PUB_RENT_ALL","https://place2lease.hdb.gov.sg/media/MEDIA_IMAGE/17370;https://place2lease.hdb.gov.sg/media/MEDIA_IMAGE/17372;https://place2lease.hdb.gov.sg/media/MEDIA_IMAGE/17374;https://place2lease.hdb.gov.sg/media/MEDIA_IMAGE/17375;https://place2lease.hdb.gov.sg/media/MEDIA_IMAGE/17371;https://place2lease.hdb.gov.sg/media/MEDIA_IMAGE/17373;https://place2lease.hdb.gov.sg/media/MEDIA_IMAGE/17369"
"2756","Bukit Merah","23, Telok Blangah Crescent, #01-34, S(090023)","22.7","27-Oct-2025 09:00:00","31-Oct-2025 10:22:49","SULTAN GHANI S/O PACKRI MASTAN","1025","E-bidding","PUB_RESULT_ALL","PUB_RENT_ALL","https://place2lease.hdb.gov.sg/media/MEDIA_IMAGE/16185;https://place2lease.hdb.gov.sg/media/MEDIA_IMAGE/16186;https://place2lease.hdb.gov.sg/media/MEDIA_IMAGE/16184"
"2939","Punggol","231A, Sumang Lane, #01-04, S(821231)","50","02-Mar-2026 09:00:00","12-Mar-2026 03:10:10","Chong Ern-wei, Joshua","4400","E-bidding","PUB_RESULT_ALL","PUB_RENT_ALL","https://place2lease.hdb.gov.sg/media/MEDIA_IMAGE/18231;https://place2lease.hdb.gov.sg/media/MEDIA_IMAGE/18226;https://place2lease.hdb.gov.sg/media/MEDIA_IMAGE/18232;https://place2lease.hdb.gov.sg/media/MEDIA_IMAGE/18227;https://place2lease.hdb.gov.sg/media/MEDIA_IMAGE/18230;https://place2lease.hdb.gov.sg/media/MEDIA_IMAGE/18229;https://place2lease.hdb.gov.sg/media/MEDIA_IMAGE/18228"
"2819","Choa Chu Kang","233, Choa Chu Kang Central, #B1-97, S(680233)","189","15-Dec-2025 09:00:00","21-Dec-2025 00:38:23","Edufront Learning Centre Pte Ltd","2300","E-bidding","PUB_RESULT_ALL","PUB_RENT_ALL","https://place2lease.hdb.gov.sg/media/MEDIA_IMAGE/17449;https://place2lease.hdb.gov.sg/media/MEDIA_IMAGE/17450;https://place2lease.hdb.gov.sg/media/MEDIA_IMAGE/17451;https://place2lease.hdb.gov.sg/media/MEDIA_IMAGE/17448;https://place2lease.hdb.gov.sg/media/MEDIA_IMAGE/17444;https://place2lease.hdb.gov.sg/media/MEDIA_IMAGE/17446;https://place2lease.hdb.gov.sg/media/MEDIA_IMAGE/17445;https://place2lease.hdb.gov.sg/media/MEDIA_IMAGE/17447;https://place2lease.hdb.gov.sg/media/MEDIA_IMAGE/17442;https://place2lease.hdb.gov.sg/media/MEDIA_IMAGE/17443;https://place2lease.hdb.gov.sg/media/MEDIA_IMAGE/17452"
"2837","Sengkang","238, Compassvale Walk, #01-542, S(540238)","337","10-Nov-2025 09:00:00","14-Nov-2025 10:38:39","Ng Sei Heng","29100","E-bidding","PUB_RESULT_ALL","PUB_RENT_ALL","https://place2lease.hdb.gov.sg/media/MEDIA_IMAGE/16989;https://place2lease.hdb.gov.sg/media/MEDIA_IMAGE/16988;https://place2lease.hdb.gov.sg/media/MEDIA_IMAGE/16987;https://place2lease.hdb.gov.sg/media/MEDIA_IMAGE/16990;https://place2lease.hdb.gov.sg/media/MEDIA_IMAGE/16991;https://place2lease.hdb.gov.sg/media/MEDIA_IMAGE/16994;https://place2lease.hdb.gov.sg/media/MEDIA_IMAGE/16993;https://place2lease.hdb.gov.sg/media/MEDIA_IMAGE/16992"
"3001","Tampines","251, Tampines Street 21, #01-K1, S(520251)","20.5","23-Mar-2026 09:00:00","28-Mar-2026 19:41:21","Nuansri Panittha","1100","E-bidding","PUB_RESULT_ALL","PUB_RENT_ALL","https://place2lease.hdb.gov.sg/media/MEDIA_IMAGE/18953;https://place2lease.hdb.gov.sg/media/MEDIA_IMAGE/18950;https://place2lease.hdb.gov.sg/media/MEDIA_IMAGE/18952;https://place2lease.hdb.gov.sg/media/MEDIA_IMAGE/18951;https://place2lease.hdb.gov.sg/media/MEDIA_IMAGE/18954;https://place2lease.hdb.gov.sg/media/MEDIA_IMAGE/18955"
"2883","Jurong East","253, Jurong East Street 24, #01-K2, S(600253)","12.6","19-Jan-2026 09:00:00","22-Jan-2026 14:40:23","Choong Wai Lan","1075","E-bidding","PUB_RESULT_ALL","PUB_RENT_ALL","https://place2lease.hdb.gov.sg/media/MEDIA_IMAGE/17814;https://place2lease.hdb.gov.sg/media/MEDIA_IMAGE/17815;https://place2lease.hdb.gov.sg/media/MEDIA_IMAGE/17817;https://place2lease.hdb.gov.sg/media/MEDIA_IMAGE/17818;https://place2lease.hdb.gov.sg/media/MEDIA_IMAGE/17813;https://place2lease.hdb.gov.sg/media/MEDIA_IMAGE/17816"
"2750","Pasir Ris","258, Pasir Ris Street 21, #02-03, S(510258)","43","27-Oct-2025 09:00:00","01-Nov-2025 13:33:32","MOHAMED KHALIFUL ASHRAF","2000","E-bidding","PUB_RESULT_ALL","PUB_RENT_ALL","https://place2lease.hdb.gov.sg/media/MEDIA_IMAGE/16126;https://place2lease.hdb.gov.sg/media/MEDIA_IMAGE/16128;https://place2lease.hdb.gov.sg/media/MEDIA_IMAGE/16127;https://place2lease.hdb.gov.sg/media/MEDIA_IMAGE/16130;https://place2lease.hdb.gov.sg/media/MEDIA_IMAGE/16129"
"2957","Pasir Ris","259, Pasir Ris Street 21, #02-44, S(510259)","24","02-Mar-2026 09:00:00","05-Mar-2026 12:00:00","Jn Alley Pte. Ltd.","1100","E-bidding","PUB_RESULT_ALL","PUB_RENT_ALL","https://place2lease.hdb.gov.sg/media/MEDIA_IMAGE/18287"
"2831","Tampines","260, Tampines Street  21, #01-K1, S(520260)","24","10-Nov-2025 09:00:00","13-Nov-2025 14:10:11","Tock Ah Poh","1600","E-bidding","PUB_RESULT_ALL","PUB_RENT_ALL","https://place2lease.hdb.gov.sg/media/MEDIA_IMAGE/16927;https://place2lease.hdb.gov.sg/media/MEDIA_IMAGE/16928;https://place2lease.hdb.gov.sg/media/MEDIA_IMAGE/16930;https://place2lease.hdb.gov.sg/media/MEDIA_IMAGE/16929;https://place2lease.hdb.gov.sg/media/MEDIA_IMAGE/16931"
"2925","Serangoon","265, Serangoon Central Drive, #02-267, S(550265)","126","23-Feb-2026 09:00:00","27-Feb-2026 12:46:35","Hazel Lim","3600","E-bidding","PUB_RESULT_ALL","PUB_RENT_ALL",""
"2755","Tampines","267, Tampines Street 21, #01-37, S(520267)","83","27-Oct-2025 09:00:00","31-Oct-2025 12:00:41","JOVIANNE","5500","E-bidding","PUB_RESULT_ALL","PUB_RENT_ALL","https://place2lease.hdb.gov.sg/media/MEDIA_IMAGE/16194;https://place2lease.hdb.gov.sg/media/MEDIA_IMAGE/16188;https://place2lease.hdb.gov.sg/media/MEDIA_IMAGE/16190;https://place2lease.hdb.gov.sg/media/MEDIA_IMAGE/16193;https://place2lease.hdb.gov.sg/media/MEDIA_IMAGE/16191;https://place2lease.hdb.gov.sg/media/MEDIA_IMAGE/16195;https://place2lease.hdb.gov.sg/media/MEDIA_IMAGE/16187;https://place2lease.hdb.gov.sg/media/MEDIA_IMAGE/16189;https://place2lease.hdb.gov.sg/media/MEDIA_IMAGE/16192"
"2798","Central Area","269, Queen Street, #02-226, S(180269)","68.9","15-Dec-2025 09:00:00","18-Dec-2025 12:11:27","Imaginarium Productions Pte. Ltd.","2600","E-bidding","PUB_RESULT_ALL","PUB_RENT_ALL","https://place2lease.hdb.gov.sg/media/MEDIA_IMAGE/17141;https://place2lease.hdb.gov.sg/media/MEDIA_IMAGE/17143;https://place2lease.hdb.gov.sg/media/MEDIA_IMAGE/17139;https://place2lease.hdb.gov.sg/media/MEDIA_IMAGE/17140;https://place2lease.hdb.gov.sg/media/MEDIA_IMAGE/17142;https://place2lease.hdb.gov.sg/media/MEDIA_IMAGE/17144"
"2851","Sengkang","308, Anchorvale Road, #01-09, S(540308)","116","17-Nov-2025 09:00:00","20-Nov-2025 15:00:10","Yau Boon Ping","16000","E-bidding","PUB_RESULT_ALL","PUB_RENT_ALL","https://place2lease.hdb.gov.sg/media/MEDIA_IMAGE/17084;https://place2lease.hdb.gov.sg/media/MEDIA_IMAGE/17085;https://place2lease.hdb.gov.sg/media/MEDIA_IMAGE/17086"
"2977","Central Area","32, New Market Road, #03-1148, S(050032)","17","23-Mar-2026 09:00:00","27-Mar-2026 10:08:36","Qiao Jia","2125","E-bidding","PUB_RESULT_ALL","PUB_RENT_ALL","https://place2lease.hdb.gov.sg/media/MEDIA_IMAGE/18729;https://place2lease.hdb.gov.sg/media/MEDIA_IMAGE/18728;https://place2lease.hdb.gov.sg/media/MEDIA_IMAGE/18730;https://place2lease.hdb.gov.sg/media/MEDIA_IMAGE/18731"
"2915","Central Area","334, Kreta Ayer Road, #01-07, S(080334)","56.3","23-Feb-2026 09:00:00","27-Feb-2026 12:07:20","Peggy","1375","E-bidding","PUB_RESULT_ALL","PUB_RENT_ALL",""
"2841","Central Area","336, Smith Street, #06-309, S(050336)","75","10-Nov-2025 09:00:00","22-Nov-2025 16:42:42","JINHE LEE","1700","E-bidding","PUB_RESULT_ALL","PUB_RENT_ALL","https://place2lease.hdb.gov.sg/media/MEDIA_IMAGE/17009;https://place2lease.hdb.gov.sg/media/MEDIA_IMAGE/17008;https://place2lease.hdb.gov.sg/media/MEDIA_IMAGE/17011;https://place2lease.hdb.gov.sg/media/MEDIA_IMAGE/17012;https://place2lease.hdb.gov.sg/media/MEDIA_IMAGE/17010"
"2871","Jurong West","339, Kang Ching Road, #01-01, S(610339)","49","19-Jan-2026 09:00:00","22-Jan-2026 16:40:22","Thangaraju Sethurajan","8100","E-bidding","PUB_RESULT_ALL","PUB_RENT_ALL","https://place2lease.hdb.gov.sg/media/MEDIA_IMAGE/17737;https://place2lease.hdb.gov.sg/media/MEDIA_IMAGE/17736;https://place2lease.hdb.gov.sg/media/MEDIA_IMAGE/17739;https://place2lease.hdb.gov.sg/media/MEDIA_IMAGE/17738;https://place2lease.hdb.gov.sg/media/MEDIA_IMAGE/17734;https://place2lease.hdb.gov.sg/media/MEDIA_IMAGE/17735"
"2747","Central Area","34, Upper Cross Street, #03-134, S(050034)","66","27-Oct-2025 09:00:00","30-Oct-2025 12:47:50","Man Ting Fang Hv Pte. Ltd.","3100","E-bidding","PUB_RESULT_ALL","PUB_RENT_ALL","https://place2lease.hdb.gov.sg/media/MEDIA_IMAGE/16111;https://place2lease.hdb.gov.sg/media/MEDIA_IMAGE/16110;https://place2lease.hdb.gov.sg/media/MEDIA_IMAGE/16108;https://place2lease.hdb.gov.sg/media/MEDIA_IMAGE/16106;https://place2lease.hdb.gov.sg/media/MEDIA_IMAGE/16107;https://place2lease.hdb.gov.sg/media/MEDIA_IMAGE/16109"
"2854","Hougang","377, Hougang Street 32, #01-10, S(530377)","18","17-Nov-2025 09:00:00","20-Nov-2025 11:31:51","Neobile Hub","1950","E-bidding","PUB_RESULT_ALL","PUB_RENT_ALL",""
"2856","Hougang","377, Hougang Street 32, #01-22, S(530377)","133","17-Nov-2025 09:00:00","20-Nov-2025 11:00:00","Yeo Songjie","4500","E-bidding","PUB_RESULT_ALL","PUB_RENT_ALL",""
"2852","Hougang","377, Hougang Street 32, #B1-16, S(530377)","12","17-Nov-2025 09:00:00","20-Nov-2025 10:32:53","Shahana Teh Hub Pte. Ltd.","1650","E-bidding","PUB_RESULT_ALL","PUB_RENT_ALL",""
"2853","Hougang","377, Hougang Street 32, #B1-17, S(530377)","17","17-Nov-2025 09:00:00","20-Nov-2025 10:35:28","Jan Lam Piano Studio","1925","E-bidding","PUB_RESULT_ALL","PUB_RENT_ALL",""
"2739","Central Area","4, Sago Lane, #02-103, S(050004)","66.05","27-Oct-2025 09:00:00","30-Oct-2025 11:33:35","FONG CHEE KIONG","2750","E-bidding","PUB_RESULT_ALL","PUB_RENT_ALL","https://place2lease.hdb.gov.sg/media/MEDIA_IMAGE/16053;https://place2lease.hdb.gov.sg/media/MEDIA_IMAGE/16057;https://place2lease.hdb.gov.sg/media/MEDIA_IMAGE/16056;https://place2lease.hdb.gov.sg/media/MEDIA_IMAGE/16055;https://place2lease.hdb.gov.sg/media/MEDIA_IMAGE/16054"
"2802","Bedok","40, Bedok South Road, #01-681, S(460040)","32","15-Dec-2025 09:00:00","18-Dec-2025 12:00:00","Nekmah Bte Mahadi","1550","E-bidding","PUB_RESULT_ALL","PUB_RENT_ALL","https://place2lease.hdb.gov.sg/media/MEDIA_IMAGE/17455;https://place2lease.hdb.gov.sg/media/MEDIA_IMAGE/17457;https://place2lease.hdb.gov.sg/media/MEDIA_IMAGE/17456;https://place2lease.hdb.gov.sg/media/MEDIA_IMAGE/17454"
"2879","Jurong West","405, JURONG WEST STREET 42, #01-K1, S(640405)","24","19-Jan-2026 09:00:00","22-Jan-2026 12:00:00","Mandarination","1000","E-bidding","PUB_RESULT_ALL","PUB_RENT_ALL","https://place2lease.hdb.gov.sg/media/MEDIA_IMAGE/17790;https://place2lease.hdb.gov.sg/media/MEDIA_IMAGE/17792;https://place2lease.hdb.gov.sg/media/MEDIA_IMAGE/17788;https://place2lease.hdb.gov.sg/media/MEDIA_IMAGE/17791;https://place2lease.hdb.gov.sg/media/MEDIA_IMAGE/17789"
"2858","Punggol","407, Northshore Drive, #02-39, S(820407)","86","17-Nov-2025 09:00:00","20-Nov-2025 11:16:34","RICHARD","6500","E-bidding","PUB_RESULT_ALL","PUB_RENT_ALL",""
"2859","Punggol","407, Northshore Drive, #02-40, S(820407)","13","17-Nov-2025 09:00:00","20-Nov-2025 11:00:00","Summer Acai (bukit Timah) Pte. Ltd.","1900","E-bidding","PUB_RESULT_ALL","PUB_RENT_ALL",""
"2876","Jurong West","411, Jurong West Street 42, #01-K1, S(640411)","30.5","19-Jan-2026 09:00:00","22-Jan-2026 14:14:49","Sheik Ameen","1425","E-bidding","PUB_RESULT_ALL","PUB_RENT_ALL","https://place2lease.hdb.gov.sg/media/MEDIA_IMAGE/17770;https://place2lease.hdb.gov.sg/media/MEDIA_IMAGE/17764;https://place2lease.hdb.gov.sg/media/MEDIA_IMAGE/17766;https://place2lease.hdb.gov.sg/media/MEDIA_IMAGE/17771;https://place2lease.hdb.gov.sg/media/MEDIA_IMAGE/17765;https://place2lease.hdb.gov.sg/media/MEDIA_IMAGE/17768;https://place2lease.hdb.gov.sg/media/MEDIA_IMAGE/17767;https://place2lease.hdb.gov.sg/media/MEDIA_IMAGE/17769"
"2916","Hougang","423, Hougang Avenue 6, #01-K1, S(530423)","54.25","23-Feb-2026 09:00:00","27-Feb-2026 12:53:57","Kyaw Minn Latt","3500","E-bidding","PUB_RESULT_ALL","PUB_RENT_ALL",""
"2800","Bukit Batok","424, Bukit Batok West Avenue 2, #01-239, S(650424)","61.5","15-Dec-2025 09:00:00","18-Dec-2025 13:00:27","TAN SIEW HONG","6400","E-bidding","PUB_RESULT_ALL","PUB_RENT_ALL","https://place2lease.hdb.gov.sg/media/MEDIA_IMAGE/17295;https://place2lease.hdb.gov.sg/media/MEDIA_IMAGE/17304;https://place2lease.hdb.gov.sg/media/MEDIA_IMAGE/17300;https://place2lease.hdb.gov.sg/media/MEDIA_IMAGE/17302;https://place2lease.hdb.gov.sg/media/MEDIA_IMAGE/17301;https://place2lease.hdb.gov.sg/media/MEDIA_IMAGE/17303;https://place2lease.hdb.gov.sg/media/MEDIA_IMAGE/17296;https://place2lease.hdb.gov.sg/media/MEDIA_IMAGE/17299;https://place2lease.hdb.gov.sg/media/MEDIA_IMAGE/17294;https://place2lease.hdb.gov.sg/media/MEDIA_IMAGE/17305;https://place2lease.hdb.gov.sg/media/MEDIA_IMAGE/17298;https://place2lease.hdb.gov.sg/media/MEDIA_IMAGE/17297"
"2836","Bukit Panjang","435, Bukit Panjang Ring Road, #01-661, S(670435)","52","10-Nov-2025 09:00:00","14-Nov-2025 11:00:18","Huangs Mart Pte. Ltd.","4100","E-bidding","PUB_RESULT_ALL","PUB_RENT_ALL","https://place2lease.hdb.gov.sg/media/MEDIA_IMAGE/16981;https://place2lease.hdb.gov.sg/media/MEDIA_IMAGE/16983;https://place2lease.hdb.gov.sg/media/MEDIA_IMAGE/16977;https://place2lease.hdb.gov.sg/media/MEDIA_IMAGE/16971;https://place2lease.hdb.gov.sg/media/MEDIA_IMAGE/16982;https://place2lease.hdb.gov.sg/media/MEDIA_IMAGE/16974;https://place2lease.hdb.gov.sg/media/MEDIA_IMAGE/16976;https://place2lease.hdb.gov.sg/media/MEDIA_IMAGE/16984;https://place2lease.hdb.gov.sg/media/MEDIA_IMAGE/16980;https://place2lease.hdb.gov.sg/media/MEDIA_IMAGE/16972;https://place2lease.hdb.gov.sg/media/MEDIA_IMAGE/16978;https://place2lease.hdb.gov.sg/media/MEDIA_IMAGE/16979;https://place2lease.hdb.gov.sg/media/MEDIA_IMAGE/16973;https://place2lease.hdb.gov.sg/media/MEDIA_IMAGE/16975"
"2829","Tampines","440, TAMPINES ST 43, #01-K1, S(520440)","20.5","10-Nov-2025 09:00:00","18-Nov-2025 10:17:34","Tan Caroline","1000","E-bidding","PUB_RESULT_ALL","PUB_RENT_ALL","https://place2lease.hdb.gov.sg/media/MEDIA_IMAGE/16914;https://place2lease.hdb.gov.sg/media/MEDIA_IMAGE/16915;https://place2lease.hdb.gov.sg/media/MEDIA_IMAGE/16916;https://place2lease.hdb.gov.sg/media/MEDIA_IMAGE/16913"
"2807","Ang Mo Kio","460, Ang Mo Kio Avenue 10, #01-1578, S(560460)","26.6","15-Dec-2025 09:00:00","18-Dec-2025 14:38:01","Ventura Trillion Pte. Ltd.","1208","E-bidding","PUB_RESULT_ALL","PUB_RENT_ALL","https://place2lease.hdb.gov.sg/media/MEDIA_IMAGE/17390;https://place2lease.hdb.gov.sg/media/MEDIA_IMAGE/17386;https://place2lease.hdb.gov.sg/media/MEDIA_IMAGE/17389;https://place2lease.hdb.gov.sg/media/MEDIA_IMAGE/17387;https://place2lease.hdb.gov.sg/media/MEDIA_IMAGE/17385;https://place2lease.hdb.gov.sg/media/MEDIA_IMAGE/17388;https://place2lease.hdb.gov.sg/media/MEDIA_IMAGE/17391"
"2806","Ang Mo Kio","461, Ang Mo Kio Avenue 10, #01-1166, S(560461)","22.3","15-Dec-2025 09:00:00","18-Dec-2025 14:52:34","Hn Marts Pte. Ltd.","1509","E-bidding","PUB_RESULT_ALL","PUB_RENT_ALL","https://place2lease.hdb.gov.sg/media/MEDIA_IMAGE/17382;https://place2lease.hdb.gov.sg/media/MEDIA_IMAGE/17378;https://place2lease.hdb.gov.sg/media/MEDIA_IMAGE/17383;https://place2lease.hdb.gov.sg/media/MEDIA_IMAGE/17379;https://place2lease.hdb.gov.sg/media/MEDIA_IMAGE/17377;https://place2lease.hdb.gov.sg/media/MEDIA_IMAGE/17384;https://place2lease.hdb.gov.sg/media/MEDIA_IMAGE/17381;https://place2lease.hdb.gov.sg/media/MEDIA_IMAGE/17380"
"2817","Pasir Ris","477, Pasir Ris Drive 6, #B1-520, S(510477)","271","15-Dec-2025 09:00:00","18-Dec-2025 14:53:57","Perpetual Hope International Academy Pte. Ltd.","4700","E-bidding","PUB_RESULT_ALL","PUB_RENT_ALL","https://place2lease.hdb.gov.sg/media/MEDIA_IMAGE/17413;https://place2lease.hdb.gov.sg/media/MEDIA_IMAGE/17415;https://place2lease.hdb.gov.sg/media/MEDIA_IMAGE/17419;https://place2lease.hdb.gov.sg/media/MEDIA_IMAGE/17417;https://place2lease.hdb.gov.sg/media/MEDIA_IMAGE/17418;https://place2lease.hdb.gov.sg/media/MEDIA_IMAGE/17414;https://place2lease.hdb.gov.sg/media/MEDIA_IMAGE/17416;https://place2lease.hdb.gov.sg/media/MEDIA_IMAGE/17420"
"2754","Pasir Ris","5, Changi Village Road, #01-2011, S(500005)","66","27-Oct-2025 09:00:00","31-Oct-2025 10:00:00","New Receipe Pte. Ltd.","3200","E-bidding","PUB_RESULT_ALL","PUB_RENT_ALL","https://place2lease.hdb.gov.sg/media/MEDIA_IMAGE/16196;https://place2lease.hdb.gov.sg/media/MEDIA_IMAGE/16199;https://place2lease.hdb.gov.sg/media/MEDIA_IMAGE/16203;https://place2lease.hdb.gov.sg/media/MEDIA_IMAGE/16205;https://place2lease.hdb.gov.sg/media/MEDIA_IMAGE/16202;https://place2lease.hdb.gov.sg/media/MEDIA_IMAGE/16204;https://place2lease.hdb.gov.sg/media/MEDIA_IMAGE/16197;https://place2lease.hdb.gov.sg/media/MEDIA_IMAGE/16198;https://place2lease.hdb.gov.sg/media/MEDIA_IMAGE/16200;https://place2lease.hdb.gov.sg/media/MEDIA_IMAGE/16201"
"2760","Bedok","524, Bedok North Street 3, #01-2304, S(460524)","23","27-Oct-2025 09:00:00","31-Oct-2025 12:00:00","Choo Chai Yoon","700","E-bidding","PUB_RESULT_ALL","PUB_RENT_ALL","https://place2lease.hdb.gov.sg/media/MEDIA_IMAGE/16168;https://place2lease.hdb.gov.sg/media/MEDIA_IMAGE/16170;https://place2lease.hdb.gov.sg/media/MEDIA_IMAGE/16169"
"2799","Bukit Merah","531, Upper Cross Street, #01-47, S(050531)","73.8","15-Dec-2025 09:00:00","18-Dec-2025 13:44:06","Senqin Pte. Ltd.","6423","E-bidding","PUB_RESULT_ALL","PUB_RENT_ALL","https://place2lease.hdb.gov.sg/media/MEDIA_IMAGE/17287;https://place2lease.hdb.gov.sg/media/MEDIA_IMAGE/17286;https://place2lease.hdb.gov.sg/media/MEDIA_IMAGE/17285;https://place2lease.hdb.gov.sg/media/MEDIA_IMAGE/17288"
"2986","Central Area","531, Upper Cross Street, #03-62, S(050531)","69","23-Mar-2026 09:00:00","26-Mar-2026 12:15:43","F5 Group Pte. Ltd.","2350","E-bidding","PUB_RESULT_ALL","PUB_RENT_ALL","https://place2lease.hdb.gov.sg/media/MEDIA_IMAGE/18819;https://place2lease.hdb.gov.sg/media/MEDIA_IMAGE/18822;https://place2lease.hdb.gov.sg/media/MEDIA_IMAGE/18820;https://place2lease.hdb.gov.sg/media/MEDIA_IMAGE/18818;https://place2lease.hdb.gov.sg/media/MEDIA_IMAGE/18821"
"2814","Bukit Merah","531A, Upper Cross Street, #03-112, S(051531)","56.4","15-Dec-2025 09:00:00","19-Dec-2025 12:00:00","Charls","1400","E-bidding","PUB_RESULT_ALL","PUB_RENT_ALL","https://place2lease.hdb.gov.sg/media/MEDIA_IMAGE/17355;https://place2lease.hdb.gov.sg/media/MEDIA_IMAGE/17358;https://place2lease.hdb.gov.sg/media/MEDIA_IMAGE/17356;https://place2lease.hdb.gov.sg/media/MEDIA_IMAGE/17357"
"2815","Bukit Merah","531A, Upper Cross Street, #03-113, S(051531)","56.4","15-Dec-2025 09:00:00","19-Dec-2025 12:11:36","Hu Xinpei","1550","E-bidding","PUB_RESULT_ALL","PUB_RENT_ALL","https://place2lease.hdb.gov.sg/media/MEDIA_IMAGE/17336;https://place2lease.hdb.gov.sg/media/MEDIA_IMAGE/17335;https://place2lease.hdb.gov.sg/media/MEDIA_IMAGE/17337;https://place2lease.hdb.gov.sg/media/MEDIA_IMAGE/17334"
"2816","Bukit Merah","531A, Upper Cross Street, #03-114, S(051531)","56.4","15-Dec-2025 09:00:00","19-Dec-2025 12:14:16","Yan Feng Shui Metaphysics Pte. Ltd.","1400","E-bidding","PUB_RESULT_ALL","PUB_RENT_ALL","https://place2lease.hdb.gov.sg/media/MEDIA_IMAGE/17340;https://place2lease.hdb.gov.sg/media/MEDIA_IMAGE/17342;https://place2lease.hdb.gov.sg/media/MEDIA_IMAGE/17339;https://place2lease.hdb.gov.sg/media/MEDIA_IMAGE/17341"
"2985","Central Area","531A, Upper Cross Street, #03-116, S(051531)","56.4","23-Mar-2026 09:00:00","26-Mar-2026 10:00:00","Vyvyan Lim","1400","E-bidding","PUB_RESULT_ALL","PUB_RENT_ALL","https://place2lease.hdb.gov.sg/media/MEDIA_IMAGE/18815;https://place2lease.hdb.gov.sg/media/MEDIA_IMAGE/18813;https://place2lease.hdb.gov.sg/media/MEDIA_IMAGE/18814"
"2792","Bedok","537, Bedok North Street 3, #01-529, S(460537)","67","15-Dec-2025 09:00:00","18-Dec-2025 11:13:15","Rafique Syed ","5100","E-bidding","PUB_RESULT_ALL","PUB_RENT_ALL","https://place2lease.hdb.gov.sg/media/MEDIA_IMAGE/17109;https://place2lease.hdb.gov.sg/media/MEDIA_IMAGE/17112;https://place2lease.hdb.gov.sg/media/MEDIA_IMAGE/17114;https://place2lease.hdb.gov.sg/media/MEDIA_IMAGE/17108;https://place2lease.hdb.gov.sg/media/MEDIA_IMAGE/17106;https://place2lease.hdb.gov.sg/media/MEDIA_IMAGE/17105;https://place2lease.hdb.gov.sg/media/MEDIA_IMAGE/17107;https://place2lease.hdb.gov.sg/media/MEDIA_IMAGE/17115;https://place2lease.hdb.gov.sg/media/MEDIA_IMAGE/17111;https://place2lease.hdb.gov.sg/media/MEDIA_IMAGE/17113;https://place2lease.hdb.gov.sg/media/MEDIA_IMAGE/17110;https://place2lease.hdb.gov.sg/media/MEDIA_IMAGE/17247"
"2997","Bedok","538A, Bedok North Street 3, #01-577B, S(461538)","7.8","23-Mar-2026 09:00:00","26-Mar-2026 10:07:04","Eng Tiew Giok","850","E-bidding","PUB_RESULT_ALL","PUB_RENT_ALL","https://place2lease.hdb.gov.sg/media/MEDIA_IMAGE/18913;https://place2lease.hdb.gov.sg/media/MEDIA_IMAGE/18916;https://place2lease.hdb.gov.sg/media/MEDIA_IMAGE/18915;https://place2lease.hdb.gov.sg/media/MEDIA_IMAGE/18914;https://place2lease.hdb.gov.sg/media/MEDIA_IMAGE/18912;https://place2lease.hdb.gov.sg/media/MEDIA_IMAGE/18911"
"2803","Tampines","55, New Upper Changi Road, #01-1452, S(461055)","26.13","15-Dec-2025 09:00:00","18-Dec-2025 12:00:00","Loh Wai Kheong","1300","E-bidding","PUB_RESULT_ALL","PUB_RENT_ALL","https://place2lease.hdb.gov.sg/media/MEDIA_IMAGE/17150;https://place2lease.hdb.gov.sg/media/MEDIA_IMAGE/17151;https://place2lease.hdb.gov.sg/media/MEDIA_IMAGE/17149;https://place2lease.hdb.gov.sg/media/MEDIA_IMAGE/17152;https://place2lease.hdb.gov.sg/media/MEDIA_IMAGE/17153"
"2818","Pasir Ris","570, Pasir Ris Street 53, #01-64, S(510570)","176","15-Dec-2025 09:00:00","18-Dec-2025 14:00:00","lcm","4500","E-bidding","PUB_RESULT_ALL","PUB_RENT_ALL","https://place2lease.hdb.gov.sg/media/MEDIA_IMAGE/17427;https://place2lease.hdb.gov.sg/media/MEDIA_IMAGE/17421;https://place2lease.hdb.gov.sg/media/MEDIA_IMAGE/17422;https://place2lease.hdb.gov.sg/media/MEDIA_IMAGE/17424;https://place2lease.hdb.gov.sg/media/MEDIA_IMAGE/17425;https://place2lease.hdb.gov.sg/media/MEDIA_IMAGE/17423;https://place2lease.hdb.gov.sg/media/MEDIA_IMAGE/17426"
"2746","Tampines","610, Tampines North Drive 1, #01-09, S(520610)","47","27-Oct-2025 09:00:00","30-Oct-2025 12:00:00","GWEE CHOO BENG","3700","E-bidding","PUB_RESULT_ALL","PUB_RENT_ALL","https://place2lease.hdb.gov.sg/media/MEDIA_IMAGE/16102;https://place2lease.hdb.gov.sg/media/MEDIA_IMAGE/16099;https://place2lease.hdb.gov.sg/media/MEDIA_IMAGE/16100;https://place2lease.hdb.gov.sg/media/MEDIA_IMAGE/16103;https://place2lease.hdb.gov.sg/media/MEDIA_IMAGE/16101"
"2743","Tampines","622A, Tampines Avenue 12, #01-04, S(521622)","49","27-Oct-2025 09:00:00","30-Oct-2025 12:07:34","Super Duper Kids Pte. Ltd.","5150","E-bidding","PUB_RESULT_ALL","PUB_RENT_ALL","https://place2lease.hdb.gov.sg/media/MEDIA_IMAGE/16085;https://place2lease.hdb.gov.sg/media/MEDIA_IMAGE/16086;https://place2lease.hdb.gov.sg/media/MEDIA_IMAGE/16084"
"2738","Tampines","633, Tampines North Drive 2, #02-08, S(520633)","47","27-Oct-2025 09:00:00","30-Oct-2025 10:00:00","Dreamz Beauty Pte. Ltd.","4500","E-bidding","PUB_RESULT_ALL","PUB_RENT_ALL","https://place2lease.hdb.gov.sg/media/MEDIA_IMAGE/16047;https://place2lease.hdb.gov.sg/media/MEDIA_IMAGE/16049;https://place2lease.hdb.gov.sg/media/MEDIA_IMAGE/16050;https://place2lease.hdb.gov.sg/media/MEDIA_IMAGE/16051"
"2764","Jurong West","638, Jurong West Street 61, #01-04, S(640638)","14","27-Oct-2025 09:00:00","31-Oct-2025 12:05:16","Yong Yoon Chin","1600","E-bidding","PUB_RESULT_ALL","PUB_RENT_ALL",""
"2826","Bukit Panjang","642, Senja Close, #01-08, S(670642)","55","10-Nov-2025 09:00:00","13-Nov-2025 12:46:01","Lewis","7888","E-bidding","PUB_RESULT_ALL","PUB_RENT_ALL","https://place2lease.hdb.gov.sg/media/MEDIA_IMAGE/17057;https://place2lease.hdb.gov.sg/media/MEDIA_IMAGE/17058;https://place2lease.hdb.gov.sg/media/MEDIA_IMAGE/17055;https://place2lease.hdb.gov.sg/media/MEDIA_IMAGE/17060;https://place2lease.hdb.gov.sg/media/MEDIA_IMAGE/17059"
"2791","Punggol","660A, Edgedale Plains, #02-02, S(821660)","41","17-Nov-2025 09:00:00","20-Nov-2025 10:00:00","Joyce ","2900","E-bidding","PUB_RESULT_ALL","PUB_RENT_ALL",""
"2820","Jurong West","716, Jurong West Street 71, #B1-73, S(640716)","334","15-Dec-2025 09:00:00","18-Dec-2025 14:00:00","WC","2700","E-bidding","PUB_RESULT_ALL","PUB_RENT_ALL","https://place2lease.hdb.gov.sg/media/MEDIA_IMAGE/17430;https://place2lease.hdb.gov.sg/media/MEDIA_IMAGE/17437;https://place2lease.hdb.gov.sg/media/MEDIA_IMAGE/17441;https://place2lease.hdb.gov.sg/media/MEDIA_IMAGE/17429;https://place2lease.hdb.gov.sg/media/MEDIA_IMAGE/17432;https://place2lease.hdb.gov.sg/media/MEDIA_IMAGE/17436;https://place2lease.hdb.gov.sg/media/MEDIA_IMAGE/17434;https://place2lease.hdb.gov.sg/media/MEDIA_IMAGE/17435;https://place2lease.hdb.gov.sg/media/MEDIA_IMAGE/17439;https://place2lease.hdb.gov.sg/media/MEDIA_IMAGE/17440;https://place2lease.hdb.gov.sg/media/MEDIA_IMAGE/17431;https://place2lease.hdb.gov.sg/media/MEDIA_IMAGE/17433;https://place2lease.hdb.gov.sg/media/MEDIA_IMAGE/17428;https://place2lease.hdb.gov.sg/media/MEDIA_IMAGE/17438"
"2823","Yishun","759, Yishun Street 72, #01-298, S(760759)","63.5","10-Nov-2025 09:00:00","13-Nov-2025 10:00:00","Exponential Learning Centre","3050","E-bidding","PUB_RESULT_ALL","PUB_RENT_ALL","https://place2lease.hdb.gov.sg/media/MEDIA_IMAGE/16855;https://place2lease.hdb.gov.sg/media/MEDIA_IMAGE/16859;https://place2lease.hdb.gov.sg/media/MEDIA_IMAGE/16850;https://place2lease.hdb.gov.sg/media/MEDIA_IMAGE/16852;https://place2lease.hdb.gov.sg/media/MEDIA_IMAGE/16848;https://place2lease.hdb.gov.sg/media/MEDIA_IMAGE/16846;https://place2lease.hdb.gov.sg/media/MEDIA_IMAGE/16856;https://place2lease.hdb.gov.sg/media/MEDIA_IMAGE/16858;https://place2lease.hdb.gov.sg/media/MEDIA_IMAGE/16857;https://place2lease.hdb.gov.sg/media/MEDIA_IMAGE/16860;https://place2lease.hdb.gov.sg/media/MEDIA_IMAGE/16849;https://place2lease.hdb.gov.sg/media/MEDIA_IMAGE/16847;https://place2lease.hdb.gov.sg/media/MEDIA_IMAGE/16851"
"2748","Geylang","76, Circuit Road, #01-14, S(370076)","49","27-Oct-2025 09:00:00","30-Oct-2025 14:07:09","Dfi Retail Singapore Pte. Ltd.","2800","E-bidding","PUB_RESULT_ALL","PUB_RENT_ALL","https://place2lease.hdb.gov.sg/media/MEDIA_IMAGE/16117;https://place2lease.hdb.gov.sg/media/MEDIA_IMAGE/16113;https://place2lease.hdb.gov.sg/media/MEDIA_IMAGE/16116;https://place2lease.hdb.gov.sg/media/MEDIA_IMAGE/16112;https://place2lease.hdb.gov.sg/media/MEDIA_IMAGE/16115;https://place2lease.hdb.gov.sg/media/MEDIA_IMAGE/16114"
"2749","Geylang","76, Circuit Road, #01-15, S(370076)","49","27-Oct-2025 09:00:00","30-Oct-2025 14:06:26","Tan Xin Yi Kristina","3250","E-bidding","PUB_RESULT_ALL","PUB_RENT_ALL","https://place2lease.hdb.gov.sg/media/MEDIA_IMAGE/16123;https://place2lease.hdb.gov.sg/media/MEDIA_IMAGE/16120;https://place2lease.hdb.gov.sg/media/MEDIA_IMAGE/16121;https://place2lease.hdb.gov.sg/media/MEDIA_IMAGE/16125;https://place2lease.hdb.gov.sg/media/MEDIA_IMAGE/16122;https://place2lease.hdb.gov.sg/media/MEDIA_IMAGE/16124"
"2745","Geylang","76, Circuit Road, #02-06, S(370076)","49","27-Oct-2025 09:00:00","30-Oct-2025 12:19:19","Ivan Ong","2300","E-bidding","PUB_RESULT_ALL","PUB_RENT_ALL","https://place2lease.hdb.gov.sg/media/MEDIA_IMAGE/16097;https://place2lease.hdb.gov.sg/media/MEDIA_IMAGE/16093;https://place2lease.hdb.gov.sg/media/MEDIA_IMAGE/16094;https://place2lease.hdb.gov.sg/media/MEDIA_IMAGE/16095;https://place2lease.hdb.gov.sg/media/MEDIA_IMAGE/16098;https://place2lease.hdb.gov.sg/media/MEDIA_IMAGE/16096"
"2793","Geylang","77, Circuit Road, #01-458, S(370077)","52.03","15-Dec-2025 09:00:00","18-Dec-2025 11:11:47","Kelvin Tan","8100","E-bidding","PUB_RESULT_ALL","PUB_RENT_ALL","https://place2lease.hdb.gov.sg/media/MEDIA_IMAGE/17252;https://place2lease.hdb.gov.sg/media/MEDIA_IMAGE/17250;https://place2lease.hdb.gov.sg/media/MEDIA_IMAGE/17254;https://place2lease.hdb.gov.sg/media/MEDIA_IMAGE/17255;https://place2lease.hdb.gov.sg/media/MEDIA_IMAGE/17257;https://place2lease.hdb.gov.sg/media/MEDIA_IMAGE/17253;https://place2lease.hdb.gov.sg/media/MEDIA_IMAGE/17258;https://place2lease.hdb.gov.sg/media/MEDIA_IMAGE/17251;https://place2lease.hdb.gov.sg/media/MEDIA_IMAGE/17256;https://place2lease.hdb.gov.sg/media/MEDIA_IMAGE/17249"
"2825","Woodlands","785E, Woodlands Rise, #01-09, S(735785)","52","10-Nov-2025 09:00:00","13-Nov-2025 12:50:10","Uhym","4300","E-bidding","PUB_RESULT_ALL","PUB_RENT_ALL","https://place2lease.hdb.gov.sg/media/MEDIA_IMAGE/16874;https://place2lease.hdb.gov.sg/media/MEDIA_IMAGE/16870;https://place2lease.hdb.gov.sg/media/MEDIA_IMAGE/16875;https://place2lease.hdb.gov.sg/media/MEDIA_IMAGE/16872;https://place2lease.hdb.gov.sg/media/MEDIA_IMAGE/16876;https://place2lease.hdb.gov.sg/media/MEDIA_IMAGE/16869;https://place2lease.hdb.gov.sg/media/MEDIA_IMAGE/16871;https://place2lease.hdb.gov.sg/media/MEDIA_IMAGE/16873;https://place2lease.hdb.gov.sg/media/MEDIA_IMAGE/16878"
"2811","Kallang / Whampoa","808, French Road, #04-167, S(200808)","50.5","15-Dec-2025 09:00:00","19-Dec-2025 10:11:36","soh song kai","2200","E-bidding","PUB_RESULT_ALL","PUB_RENT_ALL","https://place2lease.hdb.gov.sg/media/MEDIA_IMAGE/17315;https://place2lease.hdb.gov.sg/media/MEDIA_IMAGE/17316;https://place2lease.hdb.gov.sg/media/MEDIA_IMAGE/17318;https://place2lease.hdb.gov.sg/media/MEDIA_IMAGE/17319;https://place2lease.hdb.gov.sg/media/MEDIA_IMAGE/17317"
"2988","Kallang / Whampoa","808, French Road, #06-183, S(200808)","57","23-Mar-2026 09:00:00","30-Mar-2026 00:09:53","TAN TUAN HONG","1600","E-bidding","PUB_RESULT_ALL","PUB_RENT_ALL","https://place2lease.hdb.gov.sg/media/MEDIA_IMAGE/18830;https://place2lease.hdb.gov.sg/media/MEDIA_IMAGE/18831;https://place2lease.hdb.gov.sg/media/MEDIA_IMAGE/18832;https://place2lease.hdb.gov.sg/media/MEDIA_IMAGE/18829;https://place2lease.hdb.gov.sg/media/MEDIA_IMAGE/18828;https://place2lease.hdb.gov.sg/media/MEDIA_IMAGE/18827"
"2934","Kallang / Whampoa","809, French Road, #02-35, S(200809)","35","02-Mar-2026 09:00:00","05-Mar-2026 10:00:00","Arcane Sanctum Pte. Ltd.","1600","E-bidding","PUB_RESULT_ALL","PUB_RENT_ALL","https://place2lease.hdb.gov.sg/media/MEDIA_IMAGE/18200;https://place2lease.hdb.gov.sg/media/MEDIA_IMAGE/18201;https://place2lease.hdb.gov.sg/media/MEDIA_IMAGE/18202;https://place2lease.hdb.gov.sg/media/MEDIA_IMAGE/18203;https://place2lease.hdb.gov.sg/media/MEDIA_IMAGE/18199"
"2846","Kallang / Whampoa","809, French Road, #04-150, S(200809)","175.5","10-Nov-2025 09:00:00","14-Nov-2025 12:26:41","Nizam Gafoor","7500","E-bidding","PUB_RESULT_ALL","PUB_RENT_ALL","https://place2lease.hdb.gov.sg/media/MEDIA_IMAGE/17046;https://place2lease.hdb.gov.sg/media/MEDIA_IMAGE/17042;https://place2lease.hdb.gov.sg/media/MEDIA_IMAGE/17043;https://place2lease.hdb.gov.sg/media/MEDIA_IMAGE/17048;https://place2lease.hdb.gov.sg/media/MEDIA_IMAGE/17045;https://place2lease.hdb.gov.sg/media/MEDIA_IMAGE/17044;https://place2lease.hdb.gov.sg/media/MEDIA_IMAGE/17047"
"2812","Kallang / Whampoa","809, French Road, #06-170, S(200809)","106.8","15-Dec-2025 09:00:00","19-Dec-2025 10:00:00","Peter chua","2450","E-bidding","PUB_RESULT_ALL","PUB_RENT_ALL","https://place2lease.hdb.gov.sg/media/MEDIA_IMAGE/17331;https://place2lease.hdb.gov.sg/media/MEDIA_IMAGE/17328;https://place2lease.hdb.gov.sg/media/MEDIA_IMAGE/17327;https://place2lease.hdb.gov.sg/media/MEDIA_IMAGE/17332;https://place2lease.hdb.gov.sg/media/MEDIA_IMAGE/17325"
"2790","Choa Chu Kang","810, Choa Chu Kang Avenue 7, #01-03, S(680810)","51.5","10-Nov-2025 09:00:00","13-Nov-2025 10:00:00","S Hong Xuan Enterprise","3650","E-bidding","PUB_RESULT_ALL","PUB_RENT_ALL",""
"2796","Kallang / Whampoa","82, Whampoa Drive, #01-961, S(320082)","66.57","15-Dec-2025 09:00:00","18-Dec-2025 12:05:56","Magson Hair Studio","9000","E-bidding","PUB_RESULT_ALL","PUB_RENT_ALL","https://place2lease.hdb.gov.sg/media/MEDIA_IMAGE/17278;https://place2lease.hdb.gov.sg/media/MEDIA_IMAGE/17277;https://place2lease.hdb.gov.sg/media/MEDIA_IMAGE/17276"
"2808","Bedok","86, Marine Parade Central, #04-314, S(440086)","81","15-Dec-2025 09:00:00","19-Dec-2025 10:15:17","Tan Li Ling","1800","E-bidding","PUB_RESULT_ALL","PUB_RENT_ALL","https://place2lease.hdb.gov.sg/media/MEDIA_IMAGE/17345;https://place2lease.hdb.gov.sg/media/MEDIA_IMAGE/17343;https://place2lease.hdb.gov.sg/media/MEDIA_IMAGE/17344"
"2878","Tampines","865, Tampines Street 83, #01-K1, S(520865)","61.5","19-Jan-2026 09:00:00","22-Jan-2026 12:52:52","Chidambaram Ramesh Kumar","3575","E-bidding","PUB_RESULT_ALL","PUB_RENT_ALL","https://place2lease.hdb.gov.sg/media/MEDIA_IMAGE/17785;https://place2lease.hdb.gov.sg/media/MEDIA_IMAGE/17782;https://place2lease.hdb.gov.sg/media/MEDIA_IMAGE/17783;https://place2lease.hdb.gov.sg/media/MEDIA_IMAGE/17784"
"2804","Tampines","878, Tampines Avenue 8, #01-318, S(520878)","48","15-Dec-2025 09:00:00","18-Dec-2025 12:08:02","Samimnisha mohamed tamim ","1800","E-bidding","PUB_RESULT_ALL","PUB_RENT_ALL","https://place2lease.hdb.gov.sg/media/MEDIA_IMAGE/17368;https://place2lease.hdb.gov.sg/media/MEDIA_IMAGE/17365;https://place2lease.hdb.gov.sg/media/MEDIA_IMAGE/17367;https://place2lease.hdb.gov.sg/media/MEDIA_IMAGE/17366"
"2828","Woodlands","888, Woodlands Drive 50, #01-K3, S(730888)","11","10-Nov-2025 09:00:00","13-Nov-2025 13:07:01","Noraini Bte Mohamad","2150","E-bidding","PUB_RESULT_ALL","PUB_RENT_ALL","https://place2lease.hdb.gov.sg/media/MEDIA_IMAGE/16907;https://place2lease.hdb.gov.sg/media/MEDIA_IMAGE/16909;https://place2lease.hdb.gov.sg/media/MEDIA_IMAGE/16908;https://place2lease.hdb.gov.sg/media/MEDIA_IMAGE/16910;https://place2lease.hdb.gov.sg/media/MEDIA_IMAGE/16906;https://place2lease.hdb.gov.sg/media/MEDIA_IMAGE/16911"
"2872","Jurong West","399, Yung Sheng Road, #01-38, S(610399)","49","19-Jan-2026 09:00:00","22-Jan-2026 14:00:00","Shahinaaz Begum Binte Mohammed Salem","2125","E-bidding","PUB_RESULT_ALL","PUB_RENT_ALL","https://place2lease.hdb.gov.sg/media/MEDIA_IMAGE/17743;https://place2lease.hdb.gov.sg/media/MEDIA_IMAGE/17746;https://place2lease.hdb.gov.sg/media/MEDIA_IMAGE/17744;https://place2lease.hdb.gov.sg/media/MEDIA_IMAGE/17745"
"2874","Jurong West","638, Jurong West Street 61, #01-11, S(640638)","61","19-Jan-2026 09:00:00","22-Jan-2026 12:00:00","New Receipe Pte. Ltd.","5600","E-bidding","PUB_RESULT_ALL","PUB_RENT_ALL","https://place2lease.hdb.gov.sg/media/MEDIA_IMAGE/17757;https://place2lease.hdb.gov.sg/media/MEDIA_IMAGE/17756;https://place2lease.hdb.gov.sg/media/MEDIA_IMAGE/17755"
"2875","Jurong West","638A, Jurong West Street 61, #01-21, S(641638)","39","19-Jan-2026 09:00:00","22-Jan-2026 10:29:50","Reds Food & Beverage","6525","E-bidding","PUB_RESULT_ALL","PUB_RENT_ALL","https://place2lease.hdb.gov.sg/media/MEDIA_IMAGE/17761;https://place2lease.hdb.gov.sg/media/MEDIA_IMAGE/17762;https://place2lease.hdb.gov.sg/media/MEDIA_IMAGE/17759;https://place2lease.hdb.gov.sg/media/MEDIA_IMAGE/17760"
"2912","Hougang","204, Hougang Street 21, #04-123, S(530204)","68.6","23-Feb-2026 09:00:00","26-Feb-2026 15:02:23","Tan Soo Sam","3200","E-bidding","PUB_RESULT_ALL","PUB_RENT_ALL",""
"2937","Pasir Ris","506, Pasir Ris Street 52, #01-189, S(510506)","175","02-Mar-2026 09:00:00","05-Mar-2026 12:23:36","Degree One Pte. Ltd.","4200","E-bidding","PUB_RESULT_ALL","PUB_RENT_ALL","https://place2lease.hdb.gov.sg/media/MEDIA_IMAGE/18217;https://place2lease.hdb.gov.sg/media/MEDIA_IMAGE/18213;https://place2lease.hdb.gov.sg/media/MEDIA_IMAGE/18218;https://place2lease.hdb.gov.sg/media/MEDIA_IMAGE/18211;https://place2lease.hdb.gov.sg/media/MEDIA_IMAGE/18216;https://place2lease.hdb.gov.sg/media/MEDIA_IMAGE/18215;https://place2lease.hdb.gov.sg/media/MEDIA_IMAGE/18212;https://place2lease.hdb.gov.sg/media/MEDIA_IMAGE/18214"
"3002","Tampines","289, Tampines Street 22, #01-K1, S(520289)","20.5","23-Mar-2026 09:00:00","06-Apr-2026 00:01:32","Bhahurutheen Sahul Hameed","1100","E-bidding","PUB_RESULT_ALL","PUB_RENT_ALL","https://place2lease.hdb.gov.sg/media/MEDIA_IMAGE/19003;https://place2lease.hdb.gov.sg/media/MEDIA_IMAGE/18997;https://place2lease.hdb.gov.sg/media/MEDIA_IMAGE/19000;https://place2lease.hdb.gov.sg/media/MEDIA_IMAGE/19002;https://place2lease.hdb.gov.sg/media/MEDIA_IMAGE/18998;https://place2lease.hdb.gov.sg/media/MEDIA_IMAGE/19001;https://place2lease.hdb.gov.sg/media/MEDIA_IMAGE/18999"
"2999","Tampines","142, Tampines Street 12, #01-K1, S(521142)","23","23-Mar-2026 09:00:00","02-Apr-2026 21:01:28","Hn Universal Pte. Ltd.","1200","E-bidding","PUB_RESULT_ALL","PUB_RENT_ALL","https://place2lease.hdb.gov.sg/media/MEDIA_IMAGE/18932;https://place2lease.hdb.gov.sg/media/MEDIA_IMAGE/18934;https://place2lease.hdb.gov.sg/media/MEDIA_IMAGE/18938;https://place2lease.hdb.gov.sg/media/MEDIA_IMAGE/18936;https://place2lease.hdb.gov.sg/media/MEDIA_IMAGE/18933;https://place2lease.hdb.gov.sg/media/MEDIA_IMAGE/18937;https://place2lease.hdb.gov.sg/media/MEDIA_IMAGE/18930;https://place2lease.hdb.gov.sg/media/MEDIA_IMAGE/18935;https://place2lease.hdb.gov.sg/media/MEDIA_IMAGE/18931;https://place2lease.hdb.gov.sg/media/MEDIA_IMAGE/18929"
"3004","Tampines","855, Tampines Street 83, #01-K1, S(520855)","16","23-Mar-2026 09:00:00","27-Mar-2026 12:09:51","Teo Wei Lun, Eddy","1050","E-bidding","PUB_RESULT_ALL","PUB_RENT_ALL","https://place2lease.hdb.gov.sg/media/MEDIA_IMAGE/18981;https://place2lease.hdb.gov.sg/media/MEDIA_IMAGE/18982;https://place2lease.hdb.gov.sg/media/MEDIA_IMAGE/18983;https://place2lease.hdb.gov.sg/media/MEDIA_IMAGE/18984;https://place2lease.hdb.gov.sg/media/MEDIA_IMAGE/18985"
"2992","Tampines","473, Tampines Street 43, #02-92, S(520473)","72","23-Mar-2026 09:00:00","27-Mar-2026 10:00:00","Mohamad Helmy","1500","E-bidding","PUB_RESULT_ALL","PUB_RENT_ALL","https://place2lease.hdb.gov.sg/media/MEDIA_IMAGE/18864;https://place2lease.hdb.gov.sg/media/MEDIA_IMAGE/18866;https://place2lease.hdb.gov.sg/media/MEDIA_IMAGE/18863;https://place2lease.hdb.gov.sg/media/MEDIA_IMAGE/18861;https://place2lease.hdb.gov.sg/media/MEDIA_IMAGE/18862;https://place2lease.hdb.gov.sg/media/MEDIA_IMAGE/18865"
"3000","Tampines","233, Tampines Street 21, #01-K1, S(521233)","23","23-Mar-2026 09:00:00","27-Mar-2026 10:00:00","Aung Myo Thant","1200","E-bidding","PUB_RESULT_ALL","PUB_RENT_ALL","https://place2lease.hdb.gov.sg/media/MEDIA_IMAGE/18943;https://place2lease.hdb.gov.sg/media/MEDIA_IMAGE/18941;https://place2lease.hdb.gov.sg/media/MEDIA_IMAGE/18945;https://place2lease.hdb.gov.sg/media/MEDIA_IMAGE/18947;https://place2lease.hdb.gov.sg/media/MEDIA_IMAGE/18946;https://place2lease.hdb.gov.sg/media/MEDIA_IMAGE/18942;https://place2lease.hdb.gov.sg/media/MEDIA_IMAGE/18944"
"2987","Central Area","531, Upper Cross Street, #03-11, S(050531)","118.96","23-Mar-2026 09:00:00","26-Mar-2026 14:07:38","Readyspace Network Pte. Ltd.","2700","E-bidding","PUB_RESULT_ALL","PUB_RENT_ALL","https://place2lease.hdb.gov.sg/media/MEDIA_IMAGE/18996;https://place2lease.hdb.gov.sg/media/MEDIA_IMAGE/18989;https://place2lease.hdb.gov.sg/media/MEDIA_IMAGE/18995;https://place2lease.hdb.gov.sg/media/MEDIA_IMAGE/18990;https://place2lease.hdb.gov.sg/media/MEDIA_IMAGE/18991;https://place2lease.hdb.gov.sg/media/MEDIA_IMAGE/18992;https://place2lease.hdb.gov.sg/media/MEDIA_IMAGE/18987;https://place2lease.hdb.gov.sg/media/MEDIA_IMAGE/18988;https://place2lease.hdb.gov.sg/media/MEDIA_IMAGE/18994;https://place2lease.hdb.gov.sg/media/MEDIA_IMAGE/18993"
"2978","Kallang / Whampoa","1, Maude Road, #02-32, S(200001)","52.86","23-Mar-2026 09:00:00","26-Mar-2026 12:36:06","TAN ONG CHAI","2800","E-bidding","PUB_RESULT_ALL","PUB_RENT_ALL","https://place2lease.hdb.gov.sg/media/MEDIA_IMAGE/18738;https://place2lease.hdb.gov.sg/media/MEDIA_IMAGE/18735;https://place2lease.hdb.gov.sg/media/MEDIA_IMAGE/18734;https://place2lease.hdb.gov.sg/media/MEDIA_IMAGE/18736;https://place2lease.hdb.gov.sg/media/MEDIA_IMAGE/18737;https://place2lease.hdb.gov.sg/media/MEDIA_IMAGE/18733"
"2994","Toa Payoh","102, Potong Pasir Avenue 1, #01-K1, S(350102)","22.5","23-Mar-2026 09:00:00","26-Mar-2026 12:35:39","711","1250","E-bidding","PUB_RESULT_ALL","PUB_RENT_ALL","https://place2lease.hdb.gov.sg/media/MEDIA_IMAGE/18885;https://place2lease.hdb.gov.sg/media/MEDIA_IMAGE/18884;https://place2lease.hdb.gov.sg/media/MEDIA_IMAGE/18883;https://place2lease.hdb.gov.sg/media/MEDIA_IMAGE/18886;https://place2lease.hdb.gov.sg/media/MEDIA_IMAGE/18882"
"2989","Kallang / Whampoa","808, French Road, #05-183, S(200808)","57","23-Mar-2026 09:00:00","26-Mar-2026 10:00:00","Make Studios Pte. Ltd.","1600","E-bidding","PUB_RESULT_ALL","PUB_RENT_ALL","https://place2lease.hdb.gov.sg/media/MEDIA_IMAGE/18835;https://place2lease.hdb.gov.sg/media/MEDIA_IMAGE/18836;https://place2lease.hdb.gov.sg/media/MEDIA_IMAGE/18837;https://place2lease.hdb.gov.sg/media/MEDIA_IMAGE/18838;https://place2lease.hdb.gov.sg/media/MEDIA_IMAGE/18839;https://place2lease.hdb.gov.sg/media/MEDIA_IMAGE/18840"
"2958","Tampines","470, Tampines Street 44, #01-K1, S(520470)","20","02-Mar-2026 09:00:00","05-Mar-2026 14:05:24","Dickson","1100","E-bidding","PUB_RESULT_ALL","PUB_RENT_ALL","https://place2lease.hdb.gov.sg/media/MEDIA_IMAGE/18292;https://place2lease.hdb.gov.sg/media/MEDIA_IMAGE/18290;https://place2lease.hdb.gov.sg/media/MEDIA_IMAGE/18289;https://place2lease.hdb.gov.sg/media/MEDIA_IMAGE/18291"
"2935","Kallang / Whampoa","808, French Road, #02-09, S(200808)","30","02-Mar-2026 09:00:00","05-Mar-2026 11:00:58","Rudy Sie","700","E-bidding","PUB_RESULT_ALL","PUB_RENT_ALL","https://place2lease.hdb.gov.sg/media/MEDIA_IMAGE/18207;https://place2lease.hdb.gov.sg/media/MEDIA_IMAGE/18208;https://place2lease.hdb.gov.sg/media/MEDIA_IMAGE/18209;https://place2lease.hdb.gov.sg/media/MEDIA_IMAGE/18205;https://place2lease.hdb.gov.sg/media/MEDIA_IMAGE/18206"
"2932","Kallang / Whampoa","809, French Road, #02-53, S(200809)","38","02-Mar-2026 09:00:00","05-Mar-2026 10:29:24","Tan Soo Sam","3900","E-bidding","PUB_RESULT_ALL","PUB_RENT_ALL","https://place2lease.hdb.gov.sg/media/MEDIA_IMAGE/18185;https://place2lease.hdb.gov.sg/media/MEDIA_IMAGE/18189;https://place2lease.hdb.gov.sg/media/MEDIA_IMAGE/18186;https://place2lease.hdb.gov.sg/media/MEDIA_IMAGE/18187;https://place2lease.hdb.gov.sg/media/MEDIA_IMAGE/18188"
"2885","Jurong East","289A, Toh Guan Road, #01-02, S(601289)","50","19-Jan-2026 09:00:00","22-Jan-2026 12:53:24","Charls","3113","E-bidding","PUB_RESULT_ALL","PUB_RENT_ALL","https://place2lease.hdb.gov.sg/media/MEDIA_IMAGE/17834;https://place2lease.hdb.gov.sg/media/MEDIA_IMAGE/17833;https://place2lease.hdb.gov.sg/media/MEDIA_IMAGE/17835;https://place2lease.hdb.gov.sg/media/MEDIA_IMAGE/17832;https://place2lease.hdb.gov.sg/media/MEDIA_IMAGE/17837;https://place2lease.hdb.gov.sg/media/MEDIA_IMAGE/17836"
"2886","Jurong East","289A, Toh Guan Road, #01-03, S(601289)","50","19-Jan-2026 09:00:00","22-Jan-2026 12:13:59","YAB YOKE CHU","7250","E-bidding","PUB_RESULT_ALL","PUB_RENT_ALL","https://place2lease.hdb.gov.sg/media/MEDIA_IMAGE/17844;https://place2lease.hdb.gov.sg/media/MEDIA_IMAGE/17839;https://place2lease.hdb.gov.sg/media/MEDIA_IMAGE/17840;https://place2lease.hdb.gov.sg/media/MEDIA_IMAGE/17841;https://place2lease.hdb.gov.sg/media/MEDIA_IMAGE/17843"
